,primary,target,starting_sequence,title,mutations,mut_positions,num_mutations
0,MNLVLMGLPGAGKGTQGERIVEDYGIPHISTGDMFRAAMKEETPLGLEAKSYIDKGELVPDEVTIGIVKERLGKDDCERGFLLDGFPRTVAQAEALEEILEEYGKPIDYVINIEVDKDVLMERLTGRRICSVCGTTYHLVFNPPKTPGICDKDGGELYQRADDNEETVSKRLEVNMKQTQPLLDFYSEKGYLANVNGQQDIQDVYADVKDLLGGLKK,49.57,MNLVLMGLPGAGKGTQGERIVEDYGIPHISTGDMFRAAMKEETPLGLEAKSYIDKGELVPDEVTIGIVKERLGKDDCERGFLLDGFPRTVAQAEALEEILEEYGKPIDYVINIEVDKDVLMERLTGRRICSVCGTTYHLVFNPPKTPGICDKDGGELYQRADDNEETVSKRLEVNMKQTQPLLDFYSEKGYLANVNGQQDIQDVYADVKDLLGGLKK,Understanding Thermal Adaptation of Enzymes through the Multistate Rational Design and Stability Prediction of 100 Adenylate Kinases S,[],[],0
1,MNLVLMGLPGAGKGTQGERIVEDYGIPHISTGDMFRAAMKEETPLGLEAKSYIDKGELVPDEVTIGIVKERLGKDDCERGFLLDGFPRTVAQAEALEEILEEYGKPIDYVINIEVDKDVLMERLTGRRICSVCGTTYHLVFNPPKTPGICDKDGGELYQRADDNEETVSKRLEVNMKQTQPLLDFYSEKGYLANVNGQRDIQDVYADVKDLLGGLKK,51.33,MNLVLMGLPGAGKGTQGERIVEDYGIPHISTGDMFRAAMKEETPLGLEAKSYIDKGELVPDEVTIGIVKERLGKDDCERGFLLDGFPRTVAQAEALEEILEEYGKPIDYVINIEVDKDVLMERLTGRRICSVCGTTYHLVFNPPKTPGICDKDGGELYQRADDNEETVSKRLEVNMKQTQPLLDFYSEKGYLANVNGQQDIQDVYADVKDLLGGLKK,Understanding Thermal Adaptation of Enzymes through the Multistate Rational Design and Stability Prediction of 100 Adenylate Kinases S,['Q198R'],[198],1
2,MNLVLMGLPGAGKGTQGERIVEDYGIPHISTGDMFRAAMKEETPLGLEAKSYIDKGELVPDEVTIGIVKERLGKDDCERGFLLDGFPRTVAQAEALEEILEEYGKPIDYVINIEVDKDVLMERLTGRRICSVCGTTYHLVFNPPKTPGICDKDGGELYQRADDNEETVSKRLEVNMKQTQPLLDFYSEKGYLANVNGQRDIQDVYADVKDLLGRLKK,52.47,MNLVLMGLPGAGKGTQGERIVEDYGIPHISTGDMFRAAMKEETPLGLEAKSYIDKGELVPDEVTIGIVKERLGKDDCERGFLLDGFPRTVAQAEALEEILEEYGKPIDYVINIEVDKDVLMERLTGRRICSVCGTTYHLVFNPPKTPGICDKDGGELYQRADDNEETVSKRLEVNMKQTQPLLDFYSEKGYLANVNGQQDIQDVYADVKDLLGGLKK,Understanding Thermal Adaptation of Enzymes through the Multistate Rational Design and Stability Prediction of 100 Adenylate Kinases S,"['Q198R', 'G213R']","[198, 213]",2
3,MNLVLMGLPGAGKGTQGERIVEDYGIPHISTGDMFRAAMKEETPLGLEAKSYIDKGELVPDEVTIGIVKERLGKDDCERGFLLDGFPRTVAQAEALEEILEEYGKPIDYVINIEVDKDVLMERLTGRRICSVCGTTYHLVFNPPKTPGICDKDGGELYQRADDNEETVSKRLEVNMKQTQPLLDFYSEKGYLANVNGQRDIQDVYADVKDLLEGLKK,52.72,MNLVLMGLPGAGKGTQGERIVEDYGIPHISTGDMFRAAMKEETPLGLEAKSYIDKGELVPDEVTIGIVKERLGKDDCERGFLLDGFPRTVAQAEALEEILEEYGKPIDYVINIEVDKDVLMERLTGRRICSVCGTTYHLVFNPPKTPGICDKDGGELYQRADDNEETVSKRLEVNMKQTQPLLDFYSEKGYLANVNGQQDIQDVYADVKDLLGGLKK,Understanding Thermal Adaptation of Enzymes through the Multistate Rational Design and Stability Prediction of 100 Adenylate Kinases S,"['Q198R', 'G212E']","[198, 212]",2
4,MNLVLMGLPGAGKGTQGERIVEDYGIPHISTGDMFRAAMKEETPLGLEAKSYIDKGELVPDEVTIGIVKERLGKDDCERGFLLDGFPRTVAQAEALEEILEEYGKPIDYVINIEVDKDVLMERLTGRRICSVCGTTYHLVFNPPKTPGICDKDGGELYQRADDNEETVSKRLEVNMKQTQPLLDFYSEKGYLVNVNGQRDIQDVYADVKDLLGGLKK,53.43,MNLVLMGLPGAGKGTQGERIVEDYGIPHISTGDMFRAAMKEETPLGLEAKSYIDKGELVPDEVTIGIVKERLGKDDCERGFLLDGFPRTVAQAEALEEILEEYGKPIDYVINIEVDKDVLMERLTGRRICSVCGTTYHLVFNPPKTPGICDKDGGELYQRADDNEETVSKRLEVNMKQTQPLLDFYSEKGYLANVNGQQDIQDVYADVKDLLGGLKK,Understanding Thermal Adaptation of Enzymes through the Multistate Rational Design and Stability Prediction of 100 Adenylate Kinases S,"['A192V', 'Q198R']","[192, 198]",2
5,MNLVLMGLPGAGKGTQGERIVEDYGIPHISTGDMFRAAMKEETPLGLEAKSYIDKGELVPDEVTIGIVKERLGKDDCERGFLLDGFPRTVAQAEALEEILEEYGKPIDYVINIEVDKDVLMERLTGRRICSVCGTTYHLVFNPPKTPGICDKDGGELYQRADDNEETVSKRLEVNMKQIQPLLDFYSEKGYLANVNGQRDIQDVYADVKDLLGGLKK,53.54,MNLVLMGLPGAGKGTQGERIVEDYGIPHISTGDMFRAAMKEETPLGLEAKSYIDKGELVPDEVTIGIVKERLGKDDCERGFLLDGFPRTVAQAEALEEILEEYGKPIDYVINIEVDKDVLMERLTGRRICSVCGTTYHLVFNPPKTPGICDKDGGELYQRADDNEETVSKRLEVNMKQTQPLLDFYSEKGYLANVNGQQDIQDVYADVKDLLGGLKK,Understanding Thermal Adaptation of Enzymes through the Multistate Rational Design and Stability Prediction of 100 Adenylate Kinases S,"['T178I', 'Q198R']","[178, 198]",2
6,MNLVLMGLPGAGKGTLGERIVEDYGIPHISTGDMFRAAMKEETPLGLEAKSYIDKGELVPDEVTIGIVKERLGKDDCERGFLLDGFPRTVAQAEALEEILEEYGKPIDYVINIEVDKDVLMERLTGRRICSVCGTTYHLVFNPPKTPGICDKDGGELYQRADDNEETVSKRLEVNMKQTQPLLDFYSEKGYLANVNGQRDIQDVYADVKDLLGGLKK,62.43,MNLVLMGLPGAGKGTQGERIVEDYGIPHISTGDMFRAAMKEETPLGLEAKSYIDKGELVPDEVTIGIVKERLGKDDCERGFLLDGFPRTVAQAEALEEILEEYGKPIDYVINIEVDKDVLMERLTGRRICSVCGTTYHLVFNPPKTPGICDKDGGELYQRADDNEETVSKRLEVNMKQTQPLLDFYSEKGYLANVNGQQDIQDVYADVKDLLGGLKK,Understanding Thermal Adaptation of Enzymes through the Multistate Rational Design and Stability Prediction of 100 Adenylate Kinases S,"['Q15L', 'Q198R']","[15, 198]",2
7,MNIVLMGLPGAGKGTIGERIVEDWGIPHISTGDMFRAAMKEETPLGLEAKSYIDKGELVPDEVTIGIVKERLGKDDCERGFLLDGFPRTVAQAEALEEILEEYGKPIDYVFNLEVDKDVLMERLTGRRICSVCGTTYHLVFNPPKTPGICDKDGGELYQRADDNEETVSKRLEVNMKQIQPLLDFYSEKGYLININGQRDIQDVYADLKDFLGGLKK,63.99,MNLVLMGLPGAGKGTQGERIVEDYGIPHISTGDMFRAAMKEETPLGLEAKSYIDKGELVPDEVTIGIVKERLGKDDCERGFLLDGFPRTVAQAEALEEILEEYGKPIDYVINIEVDKDVLMERLTGRRICSVCGTTYHLVFNPPKTPGICDKDGGELYQRADDNEETVSKRLEVNMKQTQPLLDFYSEKGYLANVNGQQDIQDVYADVKDLLGGLKK,Understanding Thermal Adaptation of Enzymes through the Multistate Rational Design and Stability Prediction of 100 Adenylate Kinases S,"['L2I', 'Q15I', 'Y23W', 'I110F', 'I112L', 'T178I', 'A192I', 'V194I', 'Q198R', 'V207L', 'L210F']","[2, 15, 23, 110, 112, 178, 192, 194, 198, 207, 210]",11
8,MNIVLMGLPGAGKGTIGERIVEDWGIPHISTGDMFRAAMKEETPLGLEAKSYIDKGELVPDEVTIGIVKERLGKDDCERGFLLDGFPRTVAQAEALEEILEEYGKPIDYVFNLEVDKDVLMERLTGRRICSVCGTTYHLVFNPPKTPGICDKDGGELYQRADDNEETVSKRLEVNMKQIQPLLDFYSEKGYLININGQKDIQDVYADLKDFLGGLKK,62.83,MNLVLMGLPGAGKGTQGERIVEDYGIPHISTGDMFRAAMKEETPLGLEAKSYIDKGELVPDEVTIGIVKERLGKDDCERGFLLDGFPRTVAQAEALEEILEEYGKPIDYVINIEVDKDVLMERLTGRRICSVCGTTYHLVFNPPKTPGICDKDGGELYQRADDNEETVSKRLEVNMKQTQPLLDFYSEKGYLANVNGQQDIQDVYADVKDLLGGLKK,Understanding Thermal Adaptation of Enzymes through the Multistate Rational Design and Stability Prediction of 100 Adenylate Kinases S,"['L2I', 'Q15I', 'Y23W', 'I110F', 'I112L', 'T178I', 'A192I', 'V194I', 'Q198K', 'V207L', 'L210F']","[2, 15, 23, 110, 112, 178, 192, 194, 198, 207, 210]",11
9,MNIVLMGLPGAGKGTIGERIVEDWGIPHISTGDMFRAAMKEETPLGLEAKSYIDKGELVPDEVTIGIVKERLGKDDCERGFLLDGFPRTVAQAEALEEILEEYGKPIDYVFNLEVDKDVLMERLTGRRICSVCGTTYHLVFNPPKTPGICDKDGGELYQRADDNEETVSKRLEVNMKQIQPLLDFYSEKGYLFNVNGQRDIQDVYADLKDWLGGLKK,58.12,MNLVLMGLPGAGKGTQGERIVEDYGIPHISTGDMFRAAMKEETPLGLEAKSYIDKGELVPDEVTIGIVKERLGKDDCERGFLLDGFPRTVAQAEALEEILEEYGKPIDYVINIEVDKDVLMERLTGRRICSVCGTTYHLVFNPPKTPGICDKDGGELYQRADDNEETVSKRLEVNMKQTQPLLDFYSEKGYLANVNGQQDIQDVYADVKDLLGGLKK,Understanding Thermal Adaptation of Enzymes through the Multistate Rational Design and Stability Prediction of 100 Adenylate Kinases S,"['L2I', 'Q15I', 'Y23W', 'I110F', 'I112L', 'T178I', 'A192F', 'Q198R', 'V207L', 'L210W']","[2, 15, 23, 110, 112, 178, 192, 198, 207, 210]",10
10,MNIVLMGLPGAGKGTIGERLVEDWGIPHISTGDMFRAAMKEETPLGLEAKSYIDKGELVPDEVTIGIVKERLGKDDCERGFLLDGFPRTVAQAEALEEILEEYGKPIDYVFNLEVDKDVLMERLTGRRICSVCGTTYHLVFNPPKTPGICDKDGGELYQRADDNEETVSKRLEVNMKQIQPLLDFYSEKGYLININGQRDIQDVYADLKDFLGGLKK,62.39,MNLVLMGLPGAGKGTQGERIVEDYGIPHISTGDMFRAAMKEETPLGLEAKSYIDKGELVPDEVTIGIVKERLGKDDCERGFLLDGFPRTVAQAEALEEILEEYGKPIDYVINIEVDKDVLMERLTGRRICSVCGTTYHLVFNPPKTPGICDKDGGELYQRADDNEETVSKRLEVNMKQTQPLLDFYSEKGYLANVNGQQDIQDVYADVKDLLGGLKK,Understanding Thermal Adaptation of Enzymes through the Multistate Rational Design and Stability Prediction of 100 Adenylate Kinases S,"['L2I', 'Q15I', 'I19L', 'Y23W', 'I110F', 'I112L', 'T178I', 'A192I', 'V194I', 'Q198R', 'V207L', 'L210F']","[2, 15, 19, 23, 110, 112, 178, 192, 194, 198, 207, 210]",12
11,MNIVLMGLPGAGKGTIGERIVEDWGIPHISTGDMFRAAMKEETPLGLEAKSYIDKGELVPDEVTIGIVKERLGKDDCERGFLLDGFPRTVAQAEALEEILEEYGKPIDYVFNLEVDKDVLMERLTGRRICSVCGTTYHLVFNPPKTPGICDKDGGELYQRADDNEETVSKRLEVNMKQIQPLLDFYSEKGYLFNVNGQKDIQDVYADLKDWLGGLKK,56.54,MNLVLMGLPGAGKGTQGERIVEDYGIPHISTGDMFRAAMKEETPLGLEAKSYIDKGELVPDEVTIGIVKERLGKDDCERGFLLDGFPRTVAQAEALEEILEEYGKPIDYVINIEVDKDVLMERLTGRRICSVCGTTYHLVFNPPKTPGICDKDGGELYQRADDNEETVSKRLEVNMKQTQPLLDFYSEKGYLANVNGQQDIQDVYADVKDLLGGLKK,Understanding Thermal Adaptation of Enzymes through the Multistate Rational Design and Stability Prediction of 100 Adenylate Kinases S,"['L2I', 'Q15I', 'Y23W', 'I110F', 'I112L', 'T178I', 'A192F', 'Q198K', 'V207L', 'L210W']","[2, 15, 23, 110, 112, 178, 192, 198, 207, 210]",10
12,MNIVLMGLPGAGKGTIGERLVEDWGIPHISTGDMFRAAMKEETPLGLEAKSYIDKGELVPDEVTIGIVKERLGKDDCERGFLLDGFPRTVAQAEALEEILEEYGKPIDYVFNLEVDKDVLMERLTGRRICSVCGTTYHLVFNPPKTPGICDKDGGELYQRADDNEETVSKRLEVNMKQIQPLLDFYSEKGYLININGQKDIQDVYADLKDFLGGLKK,61.93,MNLVLMGLPGAGKGTQGERIVEDYGIPHISTGDMFRAAMKEETPLGLEAKSYIDKGELVPDEVTIGIVKERLGKDDCERGFLLDGFPRTVAQAEALEEILEEYGKPIDYVINIEVDKDVLMERLTGRRICSVCGTTYHLVFNPPKTPGICDKDGGELYQRADDNEETVSKRLEVNMKQTQPLLDFYSEKGYLANVNGQQDIQDVYADVKDLLGGLKK,Understanding Thermal Adaptation of Enzymes through the Multistate Rational Design and Stability Prediction of 100 Adenylate Kinases S,"['L2I', 'Q15I', 'I19L', 'Y23W', 'I110F', 'I112L', 'T178I', 'A192I', 'V194I', 'Q198K', 'V207L', 'L210F']","[2, 15, 19, 23, 110, 112, 178, 192, 194, 198, 207, 210]",12
13,MNIVLMGLPGAGKGTIGERLVEDWGIPHISTGDMFRAAMKEETPLGLEAKSYIDKGELVPDEVTIGIVKERLGKDDCERGFLLDGFPRTVAQAEALEEILEEYGKPIDYVFNLEVDKDVLMERLTGRRICSVCGTTYHLVFNPPKTPGICDKDGGELYQRADDNEETVSKRLEVNMKQIQPLLDFYSEKGYLFNVNGQRDIQDVYADLKDWLGGLKK,56.3,MNLVLMGLPGAGKGTQGERIVEDYGIPHISTGDMFRAAMKEETPLGLEAKSYIDKGELVPDEVTIGIVKERLGKDDCERGFLLDGFPRTVAQAEALEEILEEYGKPIDYVINIEVDKDVLMERLTGRRICSVCGTTYHLVFNPPKTPGICDKDGGELYQRADDNEETVSKRLEVNMKQTQPLLDFYSEKGYLANVNGQQDIQDVYADVKDLLGGLKK,Understanding Thermal Adaptation of Enzymes through the Multistate Rational Design and Stability Prediction of 100 Adenylate Kinases S,"['L2I', 'Q15I', 'I19L', 'Y23W', 'I110F', 'I112L', 'T178I', 'A192F', 'Q198R', 'V207L', 'L210W']","[2, 15, 19, 23, 110, 112, 178, 192, 198, 207, 210]",11
14,MNIVLMGLPGAGKGTIGERIVEDWGIPHISTGDMFRAAMKEETPLGLEAKSYIDKGELVPDEVTIGIVKERLGKDDCERGFLLDGFPRTVAQAEALEEILEEYGKPIDYVFNIEVDKDVLMERLTGRRICSVCGTTYHLVFNPPKTPGICDKDGGELYQRADDNEETVSKRLEVNMKQIQPLLDFYSEKGYLFNLNGQKDIQDVYADLKDWLGGLKK,59.35,MNLVLMGLPGAGKGTQGERIVEDYGIPHISTGDMFRAAMKEETPLGLEAKSYIDKGELVPDEVTIGIVKERLGKDDCERGFLLDGFPRTVAQAEALEEILEEYGKPIDYVINIEVDKDVLMERLTGRRICSVCGTTYHLVFNPPKTPGICDKDGGELYQRADDNEETVSKRLEVNMKQTQPLLDFYSEKGYLANVNGQQDIQDVYADVKDLLGGLKK,Understanding Thermal Adaptation of Enzymes through the Multistate Rational Design and Stability Prediction of 100 Adenylate Kinases S,"['L2I', 'Q15I', 'Y23W', 'I110F', 'T178I', 'A192F', 'V194L', 'Q198K', 'V207L', 'L210W']","[2, 15, 23, 110, 178, 192, 194, 198, 207, 210]",10
15,MNIVLMGLPGAGKGTIGERLVEDWGIPHISTGDMFRAAMKEETPLGLEAKSYIDKGELVPDEVTIGIVKERLGKDDCERGFLLDGFPRTVAQAEALEEILEEYGKPIDYVFNLEVDKDVLMERLTGRRICSVCGTTYHLVFNPPKTPGICDKDGGELYQRADDNEETVSKRLEVNMKQIQPLLDFYSEKGYLFNVNGQKDIQDVYADLKDWLGGLKK,56.28,MNLVLMGLPGAGKGTQGERIVEDYGIPHISTGDMFRAAMKEETPLGLEAKSYIDKGELVPDEVTIGIVKERLGKDDCERGFLLDGFPRTVAQAEALEEILEEYGKPIDYVINIEVDKDVLMERLTGRRICSVCGTTYHLVFNPPKTPGICDKDGGELYQRADDNEETVSKRLEVNMKQTQPLLDFYSEKGYLANVNGQQDIQDVYADVKDLLGGLKK,Understanding Thermal Adaptation of Enzymes through the Multistate Rational Design and Stability Prediction of 100 Adenylate Kinases S,"['L2I', 'Q15I', 'I19L', 'Y23W', 'I110F', 'I112L', 'T178I', 'A192F', 'Q198K', 'V207L', 'L210W']","[2, 15, 19, 23, 110, 112, 178, 192, 198, 207, 210]",11
16,MNIVLMGLPGAGKGTIGERIVEDFGIPHISTGDMFRAAMKEETPLGLEAKSYIDKGELVPDEVTIGIVKERLGKDDCERGFLLDGFPRTVAQAEALEEILEEYGKPIDYVFNLEVDKDVLMERLTGRRICSVCGTTYHLVFNPPKTPGICDKDGGELYQRADDNEETVSKRLEVNMKQIQPLLDFYSEKGYLININGQRDIQDVYADLKDFLGGLKK,66.78,MNLVLMGLPGAGKGTQGERIVEDYGIPHISTGDMFRAAMKEETPLGLEAKSYIDKGELVPDEVTIGIVKERLGKDDCERGFLLDGFPRTVAQAEALEEILEEYGKPIDYVINIEVDKDVLMERLTGRRICSVCGTTYHLVFNPPKTPGICDKDGGELYQRADDNEETVSKRLEVNMKQTQPLLDFYSEKGYLANVNGQQDIQDVYADVKDLLGGLKK,Understanding Thermal Adaptation of Enzymes through the Multistate Rational Design and Stability Prediction of 100 Adenylate Kinases S,"['L2I', 'Q15I', 'Y23F', 'I110F', 'I112L', 'T178I', 'A192I', 'V194I', 'Q198R', 'V207L', 'L210F']","[2, 15, 23, 110, 112, 178, 192, 194, 198, 207, 210]",11
17,MNIVLMGLPGAGKGTIGERIVEDFGIPHISTGDMFRAAMKEETPLGLEAKSYIDKGELVPDEVTIGIVKERLGKDDCERGFLLDGFPRTVAQAEALEEILEEYGKPIDYVVNLEVDKDVLMERLTGRRICSVCGTTYHLVFNPPKTPGICDKDGGELYQRADDNEETVSKRLEVNMKQWQPLLDFYSEKGYLRNINGQQDIQDVYADLKDILRGLKK,60.67,MNLVLMGLPGAGKGTQGERIVEDYGIPHISTGDMFRAAMKEETPLGLEAKSYIDKGELVPDEVTIGIVKERLGKDDCERGFLLDGFPRTVAQAEALEEILEEYGKPIDYVINIEVDKDVLMERLTGRRICSVCGTTYHLVFNPPKTPGICDKDGGELYQRADDNEETVSKRLEVNMKQTQPLLDFYSEKGYLANVNGQQDIQDVYADVKDLLGGLKK,Understanding Thermal Adaptation of Enzymes through the Multistate Rational Design and Stability Prediction of 100 Adenylate Kinases S,"['L2I', 'Q15I', 'Y23F', 'I110V', 'I112L', 'T178W', 'A192R', 'V194I', 'V207L', 'L210I', 'G212R']","[2, 15, 23, 110, 112, 178, 192, 194, 207, 210, 212]",11
18,MNIVLMGLPGAGKGTIGERIVEDFGIPHISTGDMFRAAMKEETPLGLEAKSYIDKGELVPDEVTIGIVKERLGKDDCERGFLLDGFPRTVAQAEALEEILEEYGKPIDYVVNLEVDKDVLMERLTGRRICSVCGTTYHLVFNPPKTPGICDKDGGELYQRADDNEETVSKRLEVNMKQWQPLLDFYSEKGYLKNINGQQDIQDVYADLKDILRGLKK,60.44,MNLVLMGLPGAGKGTQGERIVEDYGIPHISTGDMFRAAMKEETPLGLEAKSYIDKGELVPDEVTIGIVKERLGKDDCERGFLLDGFPRTVAQAEALEEILEEYGKPIDYVINIEVDKDVLMERLTGRRICSVCGTTYHLVFNPPKTPGICDKDGGELYQRADDNEETVSKRLEVNMKQTQPLLDFYSEKGYLANVNGQQDIQDVYADVKDLLGGLKK,Understanding Thermal Adaptation of Enzymes through the Multistate Rational Design and Stability Prediction of 100 Adenylate Kinases S,"['L2I', 'Q15I', 'Y23F', 'I110V', 'I112L', 'T178W', 'A192K', 'V194I', 'V207L', 'L210I', 'G212R']","[2, 15, 23, 110, 112, 178, 192, 194, 207, 210, 212]",11
19,MNIVLMGLPGAGKGTIGERIVEDFGIPHISTGDMFRAAMKEETPLGLEAKSYIDKGELVPDEVTIGIVKERLGKDDCERGFLLDGFPRTVAQAEALEEILEEYGKPIDYVVNLEVDKDVLMERLTGRRICSVCGTTYHLVFNPPKTPGICDKDGGELYQRADDNEETVSKRLEVNMKQIQPLLDFYSEKGYLRNINGQQDIQDVYADLKDILRGLKK,64.93,MNLVLMGLPGAGKGTQGERIVEDYGIPHISTGDMFRAAMKEETPLGLEAKSYIDKGELVPDEVTIGIVKERLGKDDCERGFLLDGFPRTVAQAEALEEILEEYGKPIDYVINIEVDKDVLMERLTGRRICSVCGTTYHLVFNPPKTPGICDKDGGELYQRADDNEETVSKRLEVNMKQTQPLLDFYSEKGYLANVNGQQDIQDVYADVKDLLGGLKK,Understanding Thermal Adaptation of Enzymes through the Multistate Rational Design and Stability Prediction of 100 Adenylate Kinases S,"['L2I', 'Q15I', 'Y23F', 'I110V', 'I112L', 'T178I', 'A192R', 'V194I', 'V207L', 'L210I', 'G212R']","[2, 15, 23, 110, 112, 178, 192, 194, 207, 210, 212]",11
20,MNIVVMGLPGAGKGTIGERIVEDFGIPHISTGDMFRAAMKEETPLGLEAKSYIDKGELVPDEVTIGIVKERLGKDDCERGFLLDGFPRTVAQAEALEEILEEYGKPIDYVINLEVDKDVLMERLTGRRICSVCGTTYHLVFNPPKTPGICDKDGGELYQRADDNEETVSKRLEVNMKQWQPLLDFYSEKGYLRNINGQQDIQDVYADLKDILRGLKK,60.46,MNLVLMGLPGAGKGTQGERIVEDYGIPHISTGDMFRAAMKEETPLGLEAKSYIDKGELVPDEVTIGIVKERLGKDDCERGFLLDGFPRTVAQAEALEEILEEYGKPIDYVINIEVDKDVLMERLTGRRICSVCGTTYHLVFNPPKTPGICDKDGGELYQRADDNEETVSKRLEVNMKQTQPLLDFYSEKGYLANVNGQQDIQDVYADVKDLLGGLKK,Understanding Thermal Adaptation of Enzymes through the Multistate Rational Design and Stability Prediction of 100 Adenylate Kinases S,"['L2I', 'L4V', 'Q15I', 'Y23F', 'I112L', 'T178W', 'A192R', 'V194I', 'V207L', 'L210I', 'G212R']","[2, 4, 15, 23, 112, 178, 192, 194, 207, 210, 212]",11
21,MNIVVMGLPGAGKGTIGERIVEDFGIPHISTGDMFRAAMKEETPLGLEAKSYIDKGELVPDEVTIGIVKERLGKDDCERGFLLDGFPRTVAQAEALEEILEEYGKPIDYVINLEVDKDVLMERLTGRRICSVCGTTYHLVFNPPKTPGICDKDGGELYQRADDNEETVSKRLEVNMKQWQPLLDFYSEKGYLKNINGQQDIQDVYADLKDILRGLKK,59.29,MNLVLMGLPGAGKGTQGERIVEDYGIPHISTGDMFRAAMKEETPLGLEAKSYIDKGELVPDEVTIGIVKERLGKDDCERGFLLDGFPRTVAQAEALEEILEEYGKPIDYVINIEVDKDVLMERLTGRRICSVCGTTYHLVFNPPKTPGICDKDGGELYQRADDNEETVSKRLEVNMKQTQPLLDFYSEKGYLANVNGQQDIQDVYADVKDLLGGLKK,Understanding Thermal Adaptation of Enzymes through the Multistate Rational Design and Stability Prediction of 100 Adenylate Kinases S,"['L2I', 'L4V', 'Q15I', 'Y23F', 'I112L', 'T178W', 'A192K', 'V194I', 'V207L', 'L210I', 'G212R']","[2, 4, 15, 23, 112, 178, 192, 194, 207, 210, 212]",11
22,MNIVVMGLPGAGKGTIGERIVEDFGIPHISTGDMFRAAMKEETPLGLEAKSYIDKGELVPDEVTIGIVKERLGKDDCERGFLLDGFPRTVAQAEALEEILEEYGKPIDYVINLEVDKDVLMERLTGRRICSVCGTTYHLVFNPPKTPGICDKDGGELYQRADDNEETVSKRLEVNMKQIQPLLDFYSEKGYLRNINGQQDIQDVYADLKDILRGLKK,63.74,MNLVLMGLPGAGKGTQGERIVEDYGIPHISTGDMFRAAMKEETPLGLEAKSYIDKGELVPDEVTIGIVKERLGKDDCERGFLLDGFPRTVAQAEALEEILEEYGKPIDYVINIEVDKDVLMERLTGRRICSVCGTTYHLVFNPPKTPGICDKDGGELYQRADDNEETVSKRLEVNMKQTQPLLDFYSEKGYLANVNGQQDIQDVYADVKDLLGGLKK,Understanding Thermal Adaptation of Enzymes through the Multistate Rational Design and Stability Prediction of 100 Adenylate Kinases S,"['L2I', 'L4V', 'Q15I', 'Y23F', 'I112L', 'T178I', 'A192R', 'V194I', 'V207L', 'L210I', 'G212R']","[2, 4, 15, 23, 112, 178, 192, 194, 207, 210, 212]",11
23,MNIVLMGLPGAGKGTIGERIVEDFGIPHISTGDMFRAAMKEETPLGLEAKSYIDKGELVPDEVTIGIVKERLGKDDCERGFLLDGFPRTVAQAEALEEILEEYGKPIDYVVNLEVDKDVLMERLTGRRICSVCGTTYHLVFNPPKTPGICDKDGGELYQRADDNEETVSKRLEVNMKQFQPLLDFYSEKGYLKNINGQQDIQDVYADLKDILRGLKK,62.03,MNLVLMGLPGAGKGTQGERIVEDYGIPHISTGDMFRAAMKEETPLGLEAKSYIDKGELVPDEVTIGIVKERLGKDDCERGFLLDGFPRTVAQAEALEEILEEYGKPIDYVINIEVDKDVLMERLTGRRICSVCGTTYHLVFNPPKTPGICDKDGGELYQRADDNEETVSKRLEVNMKQTQPLLDFYSEKGYLANVNGQQDIQDVYADVKDLLGGLKK,Understanding Thermal Adaptation of Enzymes through the Multistate Rational Design and Stability Prediction of 100 Adenylate Kinases S,"['L2I', 'Q15I', 'Y23F', 'I110V', 'I112L', 'T178F', 'A192K', 'V194I', 'V207L', 'L210I', 'G212R']","[2, 15, 23, 110, 112, 178, 192, 194, 207, 210, 212]",11
24,MNIVVMGLPGAGKGTIGERIVEDFGIPHISTGDMFRAAMKEETPLGLEAKSYIDKGELVPDEVTIGIVKERLGKDDCERGFLLDGFPRTVAQAEALEEILEEYGKPIDYVINLEVDKDVLMERLTGRRICSVCGTTYHLVFNPPKTPGICDKDGGELYQRADDNEETVSKRLEVNMKQIQPLLDFYSEKGYLKNINGQQDIQDVYADLKDILRGLKK,63.09,MNLVLMGLPGAGKGTQGERIVEDYGIPHISTGDMFRAAMKEETPLGLEAKSYIDKGELVPDEVTIGIVKERLGKDDCERGFLLDGFPRTVAQAEALEEILEEYGKPIDYVINIEVDKDVLMERLTGRRICSVCGTTYHLVFNPPKTPGICDKDGGELYQRADDNEETVSKRLEVNMKQTQPLLDFYSEKGYLANVNGQQDIQDVYADVKDLLGGLKK,Understanding Thermal Adaptation of Enzymes through the Multistate Rational Design and Stability Prediction of 100 Adenylate Kinases S,"['L2I', 'L4V', 'Q15I', 'Y23F', 'I112L', 'T178I', 'A192K', 'V194I', 'V207L', 'L210I', 'G212R']","[2, 4, 15, 23, 112, 178, 192, 194, 207, 210, 212]",11
25,MNLVLMGLPGAGKGTLGERIVEDFGIPHISTGDMFRAAMKEETPLGLEAKSYIDKGELVPDEVTIGIVKERLGKDDCERGFLLDGFPRTVAQAEALEEILEEYGKPIDYVINIEVDKDVLMERLTGRRICSVCGTTYHLVFNPPKTPGICDKDGGELYQRADDNEETVSKRLEVNMKQWQPLLDFYSEKGYLFNVNGQQDIQDVYADLKDILRGLKK,63.01,MNLVLMGLPGAGKGTQGERIVEDYGIPHISTGDMFRAAMKEETPLGLEAKSYIDKGELVPDEVTIGIVKERLGKDDCERGFLLDGFPRTVAQAEALEEILEEYGKPIDYVINIEVDKDVLMERLTGRRICSVCGTTYHLVFNPPKTPGICDKDGGELYQRADDNEETVSKRLEVNMKQTQPLLDFYSEKGYLANVNGQQDIQDVYADVKDLLGGLKK,Understanding Thermal Adaptation of Enzymes through the Multistate Rational Design and Stability Prediction of 100 Adenylate Kinases S,"['Q15L', 'Y23F', 'T178W', 'A192F', 'V207L', 'L210I', 'G212R']","[15, 23, 178, 192, 207, 210, 212]",7
26,MNIVLMGLPGAGKGTLGERIVEDFGIPHISTGDMFRAAMKEETPLGLEAKSYIDKGELVPDEVTIGIVKERLGKDDCERGFLLDGFPRTVAQAEALEEILEEYGKPIDYVVNLEVDKDVLMERLTGRRICSVCGTTYHLVFNPPKTPGICDKDGGELYQRADDNEETVSKRLEVNMKQWQPLLDFYSEKGYLRNINGQQDIQDVYADLKDILRGLKK,61.11,MNLVLMGLPGAGKGTQGERIVEDYGIPHISTGDMFRAAMKEETPLGLEAKSYIDKGELVPDEVTIGIVKERLGKDDCERGFLLDGFPRTVAQAEALEEILEEYGKPIDYVINIEVDKDVLMERLTGRRICSVCGTTYHLVFNPPKTPGICDKDGGELYQRADDNEETVSKRLEVNMKQTQPLLDFYSEKGYLANVNGQQDIQDVYADVKDLLGGLKK,Understanding Thermal Adaptation of Enzymes through the Multistate Rational Design and Stability Prediction of 100 Adenylate Kinases S,"['L2I', 'Q15L', 'Y23F', 'I110V', 'I112L', 'T178W', 'A192R', 'V194I', 'V207L', 'L210I', 'G212R']","[2, 15, 23, 110, 112, 178, 192, 194, 207, 210, 212]",11
27,MNIVLMGLPGAGKGTIGERIVEDFGIPHISTGDMFRAAMKEETPLGLEAKSYIDKGELVPDEVTIGIVKERLGKDDCERGFLLDGFPRTVAQAEALEEILEEYGKPIDWVFNLEVDKDVLMERLTGRRICSVCGTTYHLVFNPPKTPGICDKDGGELYQRADDNEETVSKRLEVNMKQLQPLLDFYSEKGYLININGQQDIQDVYADLKDFLKGLKK,67.73,MNLVLMGLPGAGKGTQGERIVEDYGIPHISTGDMFRAAMKEETPLGLEAKSYIDKGELVPDEVTIGIVKERLGKDDCERGFLLDGFPRTVAQAEALEEILEEYGKPIDYVINIEVDKDVLMERLTGRRICSVCGTTYHLVFNPPKTPGICDKDGGELYQRADDNEETVSKRLEVNMKQTQPLLDFYSEKGYLANVNGQQDIQDVYADVKDLLGGLKK,Understanding Thermal Adaptation of Enzymes through the Multistate Rational Design and Stability Prediction of 100 Adenylate Kinases S,"['L2I', 'Q15I', 'Y23F', 'Y108W', 'I110F', 'I112L', 'T178L', 'A192I', 'V194I', 'V207L', 'L210F', 'G212K']","[2, 15, 23, 108, 110, 112, 178, 192, 194, 207, 210, 212]",12
28,MNIVLMGLPGAGKGTIGERIVEDFGIPHISTGDMFRAAMKEETPLGLEAKSYIDKGELVPDEVTIGIVKERLGKDDCERGFLLDGFPRTVAQAEALEEILEEYGKPIDYVFNLEVDKDVLMERLTGRRICSVCGTTYHLVFNPPKTPGICDKDGGELYQRADDNEETVSKRLEVNMKQLQPLLDFYSEKGYLRNINGQQDIQDVYADLKDFLKGLKK,66.95,MNLVLMGLPGAGKGTQGERIVEDYGIPHISTGDMFRAAMKEETPLGLEAKSYIDKGELVPDEVTIGIVKERLGKDDCERGFLLDGFPRTVAQAEALEEILEEYGKPIDYVINIEVDKDVLMERLTGRRICSVCGTTYHLVFNPPKTPGICDKDGGELYQRADDNEETVSKRLEVNMKQTQPLLDFYSEKGYLANVNGQQDIQDVYADVKDLLGGLKK,Understanding Thermal Adaptation of Enzymes through the Multistate Rational Design and Stability Prediction of 100 Adenylate Kinases S,"['L2I', 'Q15I', 'Y23F', 'I110F', 'I112L', 'T178L', 'A192R', 'V194I', 'V207L', 'L210F', 'G212K']","[2, 15, 23, 110, 112, 178, 192, 194, 207, 210, 212]",11
29,MNIVLMGLPGAGKGTIGERIVEDFGIPHISTGDMFRAAMKEETPLGLEAKSYIDKGELVPDEVTIGIVKERLGKDDCERGFLLDGFPRTVAQAEALEEILEEYGKPIDWVFNLEVDKDVLMERLTGRRICSVCGTTYHLVFNPPKTPGICDKDGGELYQRADDNEETVSKRLEVNMKQLQPLLDFYSEKGYLINVNGQQDIQDVYADLKDFLKGLKK,66.49,MNLVLMGLPGAGKGTQGERIVEDYGIPHISTGDMFRAAMKEETPLGLEAKSYIDKGELVPDEVTIGIVKERLGKDDCERGFLLDGFPRTVAQAEALEEILEEYGKPIDYVINIEVDKDVLMERLTGRRICSVCGTTYHLVFNPPKTPGICDKDGGELYQRADDNEETVSKRLEVNMKQTQPLLDFYSEKGYLANVNGQQDIQDVYADVKDLLGGLKK,Understanding Thermal Adaptation of Enzymes through the Multistate Rational Design and Stability Prediction of 100 Adenylate Kinases S,"['L2I', 'Q15I', 'Y23F', 'Y108W', 'I110F', 'I112L', 'T178L', 'A192I', 'V207L', 'L210F', 'G212K']","[2, 15, 23, 108, 110, 112, 178, 192, 207, 210, 212]",11
30,MNIVLMGLPGAGKGTIGERIVEDFGIPHISTGDMFRAAMKEETPLGLEAKSYIDKGELVPDEVTIGIVKERLGKDDCERGFLLDGFPRTVAQAEALEEILEEYGKPIDYVFNLEVDKDVLMERLTGRRICSVCGTTYHLVFNPPKTPGICDKDGGELYQRADDNEETVSKRLEVNMKQLQPLLDFYSEKGYLKNINGQQDIQDVYADLKDFLKILKK,65.33,MNLVLMGLPGAGKGTQGERIVEDYGIPHISTGDMFRAAMKEETPLGLEAKSYIDKGELVPDEVTIGIVKERLGKDDCERGFLLDGFPRTVAQAEALEEILEEYGKPIDYVINIEVDKDVLMERLTGRRICSVCGTTYHLVFNPPKTPGICDKDGGELYQRADDNEETVSKRLEVNMKQTQPLLDFYSEKGYLANVNGQQDIQDVYADVKDLLGGLKK,Understanding Thermal Adaptation of Enzymes through the Multistate Rational Design and Stability Prediction of 100 Adenylate Kinases S,"['L2I', 'Q15I', 'Y23F', 'I110F', 'I112L', 'T178L', 'A192K', 'V194I', 'V207L', 'L210F', 'G212K', 'G213I']","[2, 15, 23, 110, 112, 178, 192, 194, 207, 210, 212, 213]",12
31,MNIVLMGLPGAGKGTIGERIVEDFGIPHISTGDMFRAAMKEETPLGLEAKSYIDKGELVPDEVTIGIVKERLGKDDCERGFLLDGFPRTVAQAEALEEILEEYGKPIDYVFNLEVDKDVLMERLTGRRICSVCGTTYHLVFNPPKTPGICDKDGGELYQRADDNEETVSKRLEVNMKQLQPLLDFYSEKGYLRNVNGQQDIQDVYADLKDFLKGLKK,65.32,MNLVLMGLPGAGKGTQGERIVEDYGIPHISTGDMFRAAMKEETPLGLEAKSYIDKGELVPDEVTIGIVKERLGKDDCERGFLLDGFPRTVAQAEALEEILEEYGKPIDYVINIEVDKDVLMERLTGRRICSVCGTTYHLVFNPPKTPGICDKDGGELYQRADDNEETVSKRLEVNMKQTQPLLDFYSEKGYLANVNGQQDIQDVYADVKDLLGGLKK,Understanding Thermal Adaptation of Enzymes through the Multistate Rational Design and Stability Prediction of 100 Adenylate Kinases S,"['L2I', 'Q15I', 'Y23F', 'I110F', 'I112L', 'T178L', 'A192R', 'V207L', 'L210F', 'G212K']","[2, 15, 23, 110, 112, 178, 192, 207, 210, 212]",10
32,MNIVLMGLPGAGKGTIGERIVEDFGIPHISTGDMFRAAMKEETPLGLEAKSYIDKGELVPDEVTIGIVKERLGKDDCERGFLLDGFPRTVAQAEALEEILEEYGKPIDWVFNLEVDKDVLMERLTGRRICSVCGTTYHLVFNPPKTPGICDKDGGELYQRADDNEETVSKRLEVNMKQLQPLLDFYSEKGYLINVNGQQDIQDVYADLKDFLFGLKK,65.94,MNLVLMGLPGAGKGTQGERIVEDYGIPHISTGDMFRAAMKEETPLGLEAKSYIDKGELVPDEVTIGIVKERLGKDDCERGFLLDGFPRTVAQAEALEEILEEYGKPIDYVINIEVDKDVLMERLTGRRICSVCGTTYHLVFNPPKTPGICDKDGGELYQRADDNEETVSKRLEVNMKQTQPLLDFYSEKGYLANVNGQQDIQDVYADVKDLLGGLKK,Understanding Thermal Adaptation of Enzymes through the Multistate Rational Design and Stability Prediction of 100 Adenylate Kinases S,"['L2I', 'Q15I', 'Y23F', 'Y108W', 'I110F', 'I112L', 'T178L', 'A192I', 'V207L', 'L210F', 'G212F']","[2, 15, 23, 108, 110, 112, 178, 192, 207, 210, 212]",11
33,MNIVLMGLPGAGKGTIGERIVEDFGIPHISTGDMFRAAMKEETPLGLEAKSYIDKGELVPDEVTIGIVKERLGKDDCERGFLLDGFPRTVAQAEALEEILEEYGKPIDYVFNLEVDKDVLMERLTGRRICSVCGTTYHLVFNPPKTPGICDKDGGELYQRADDNEETVSKRLEVNMKQLQPLLDFYSEKGYLRNINGQQDIQDVYADLKDFLFGLKK,66.87,MNLVLMGLPGAGKGTQGERIVEDYGIPHISTGDMFRAAMKEETPLGLEAKSYIDKGELVPDEVTIGIVKERLGKDDCERGFLLDGFPRTVAQAEALEEILEEYGKPIDYVINIEVDKDVLMERLTGRRICSVCGTTYHLVFNPPKTPGICDKDGGELYQRADDNEETVSKRLEVNMKQTQPLLDFYSEKGYLANVNGQQDIQDVYADVKDLLGGLKK,Understanding Thermal Adaptation of Enzymes through the Multistate Rational Design and Stability Prediction of 100 Adenylate Kinases S,"['L2I', 'Q15I', 'Y23F', 'I110F', 'I112L', 'T178L', 'A192R', 'V194I', 'V207L', 'L210F', 'G212F']","[2, 15, 23, 110, 112, 178, 192, 194, 207, 210, 212]",11
34,MNIVLMGLPGAGKGTIGERIVEDFGIPHISTGDMFRAAMKEETPLGLEAKSYIDKGELVPDEVTIGIVKERLGKDDCERGFLLDGFPRTVAQAEALEEILEEYGKPIDWVFNLEVDKDVLMERLTGRRICSVCGTTYHLVFNPPKTPGICDKDGGELYQRADDNEETVSKRLEVNMKQLQPLLDFYSEKGYLKNINGQQDIQDVYADLKDFLKGLKK,65.08,MNLVLMGLPGAGKGTQGERIVEDYGIPHISTGDMFRAAMKEETPLGLEAKSYIDKGELVPDEVTIGIVKERLGKDDCERGFLLDGFPRTVAQAEALEEILEEYGKPIDYVINIEVDKDVLMERLTGRRICSVCGTTYHLVFNPPKTPGICDKDGGELYQRADDNEETVSKRLEVNMKQTQPLLDFYSEKGYLANVNGQQDIQDVYADVKDLLGGLKK,Understanding Thermal Adaptation of Enzymes through the Multistate Rational Design and Stability Prediction of 100 Adenylate Kinases S,"['L2I', 'Q15I', 'Y23F', 'Y108W', 'I110F', 'I112L', 'T178L', 'A192K', 'V194I', 'V207L', 'L210F', 'G212K']","[2, 15, 23, 108, 110, 112, 178, 192, 194, 207, 210, 212]",12
35,MNIVLMGLPGAGKGTIGERIVEDFGIPHISTGDMFRAAMKEETPLGLEAKSYIDKGELVPDEVTIGIVKERLGKDDCERGFLLDGFPRTVAQAEALEEILEEYGKPIDYVFNLEVDKDVLMERLTGRRICSVCGTTYHLVFNPPKTPGICDKDGGELYQRADDNEETVSKRLEVNMKQLQPLLDFYSEKGYLRNINGQKDIQDVYADLKDFLKGLKK,65.62,MNLVLMGLPGAGKGTQGERIVEDYGIPHISTGDMFRAAMKEETPLGLEAKSYIDKGELVPDEVTIGIVKERLGKDDCERGFLLDGFPRTVAQAEALEEILEEYGKPIDYVINIEVDKDVLMERLTGRRICSVCGTTYHLVFNPPKTPGICDKDGGELYQRADDNEETVSKRLEVNMKQTQPLLDFYSEKGYLANVNGQQDIQDVYADVKDLLGGLKK,Understanding Thermal Adaptation of Enzymes through the Multistate Rational Design and Stability Prediction of 100 Adenylate Kinases S,"['L2I', 'Q15I', 'Y23F', 'I110F', 'I112L', 'T178L', 'A192R', 'V194I', 'Q198K', 'V207L', 'L210F', 'G212K']","[2, 15, 23, 110, 112, 178, 192, 194, 198, 207, 210, 212]",12
36,MNIVLMGLPGAGKGTIGERIVEDFGIPHISTGDMFRAAMKEETPLGLEAKSYIDKGELVPDEVTIGIVKERLGKDDCERGFLLDGFPRTVAQAEALEEILEEYGKPIDYVFNLEVDKDVLMERLTGRRICSVCGTTYHLVFNPPKTPGICDKDGGELYQRADDNEETVSKRLEVNMKQLQPLLDFYSEKGYLKNVNGQQDIQDVYADLKDFLKILKK,64.29,MNLVLMGLPGAGKGTQGERIVEDYGIPHISTGDMFRAAMKEETPLGLEAKSYIDKGELVPDEVTIGIVKERLGKDDCERGFLLDGFPRTVAQAEALEEILEEYGKPIDYVINIEVDKDVLMERLTGRRICSVCGTTYHLVFNPPKTPGICDKDGGELYQRADDNEETVSKRLEVNMKQTQPLLDFYSEKGYLANVNGQQDIQDVYADVKDLLGGLKK,Understanding Thermal Adaptation of Enzymes through the Multistate Rational Design and Stability Prediction of 100 Adenylate Kinases S,"['L2I', 'Q15I', 'Y23F', 'I110F', 'I112L', 'T178L', 'A192K', 'V207L', 'L210F', 'G212K', 'G213I']","[2, 15, 23, 110, 112, 178, 192, 207, 210, 212, 213]",11
37,MNLVLMGLPGAGKGTIGERIVEDRGIPHISTGDMFRAAMKEETPLGLEAKSYIDKGELVPDEVTIGIVKERLGKDDCERGFLLDGFPRTVAQAEALEEILEEYGKPIDYVINIEVDKDVLMERLTGRRICSVCGTTYHLVFNPPKTPGICDKDGGELYQRADDNEETVSKRLEVNMKQIQPLLDFYSEKGYLRNINGQQDIQDVYADIKDLLRFLKK,61.25,MNLVLMGLPGAGKGTQGERIVEDYGIPHISTGDMFRAAMKEETPLGLEAKSYIDKGELVPDEVTIGIVKERLGKDDCERGFLLDGFPRTVAQAEALEEILEEYGKPIDYVINIEVDKDVLMERLTGRRICSVCGTTYHLVFNPPKTPGICDKDGGELYQRADDNEETVSKRLEVNMKQTQPLLDFYSEKGYLANVNGQQDIQDVYADVKDLLGGLKK,Understanding Thermal Adaptation of Enzymes through the Multistate Rational Design and Stability Prediction of 100 Adenylate Kinases S,"['Q15I', 'Y23R', 'T178I', 'A192R', 'V194I', 'V207I', 'G212R', 'G213F']","[15, 23, 178, 192, 194, 207, 212, 213]",8
38,MNIVLMGLPGAGKGTIGERIVEDRGIPHISTGDMFRAAMKEETPLGLEAKSYIDKGELVPDEVTIGIVKERLGKDDCERGFLLDGFPRTVAQAEALEEILEEYGKPIDYVFNLEVDKDVLMERLTGRRICSVCGTTYHLVFNPPKTPGICDKDGGELYQRADDNEETVSKRLEVNMKQIQPLLDFYSEKGYLKNINGQQDIQDVYADIKDFLRKLKK,57.57,MNLVLMGLPGAGKGTQGERIVEDYGIPHISTGDMFRAAMKEETPLGLEAKSYIDKGELVPDEVTIGIVKERLGKDDCERGFLLDGFPRTVAQAEALEEILEEYGKPIDYVINIEVDKDVLMERLTGRRICSVCGTTYHLVFNPPKTPGICDKDGGELYQRADDNEETVSKRLEVNMKQTQPLLDFYSEKGYLANVNGQQDIQDVYADVKDLLGGLKK,Understanding Thermal Adaptation of Enzymes through the Multistate Rational Design and Stability Prediction of 100 Adenylate Kinases S,"['L2I', 'Q15I', 'Y23R', 'I110F', 'I112L', 'T178I', 'A192K', 'V194I', 'V207I', 'L210F', 'G212R', 'G213K']","[2, 15, 23, 110, 112, 178, 192, 194, 207, 210, 212, 213]",12
39,MNIVLMGLPGAGKGTIGERIVEDRGIPHISTGDMFRAAMKEETPLGLEAKSYIDKGELVPDEVTIGIVKERLGKDDCERGFLLDGFPRTVAQAEALEEILEEYGKPIDYVFNIEVDKDVLMERLTGRRICSVCGTTYHLVFNPPKTPGICDKDGGELYQRADDNEETVSKRLEVNMKQIQPLLDFYSEKGYLKNINGQQDIQDVYADIKDFLRKLKK,59.83,MNLVLMGLPGAGKGTQGERIVEDYGIPHISTGDMFRAAMKEETPLGLEAKSYIDKGELVPDEVTIGIVKERLGKDDCERGFLLDGFPRTVAQAEALEEILEEYGKPIDYVINIEVDKDVLMERLTGRRICSVCGTTYHLVFNPPKTPGICDKDGGELYQRADDNEETVSKRLEVNMKQTQPLLDFYSEKGYLANVNGQQDIQDVYADVKDLLGGLKK,Understanding Thermal Adaptation of Enzymes through the Multistate Rational Design and Stability Prediction of 100 Adenylate Kinases S,"['L2I', 'Q15I', 'Y23R', 'I110F', 'T178I', 'A192K', 'V194I', 'V207I', 'L210F', 'G212R', 'G213K']","[2, 15, 23, 110, 178, 192, 194, 207, 210, 212, 213]",11
40,MNLVLMGLPGAGKGTIGERIVEDRGIPHISTGDMFRAAMKEETPLGLEAKSYIDKGELVPDEVTIGIVKERLGKDDCERGFLLDGFPRTVAQAEALEEILEEYGKPIDYVINLEVDKDVLMERLTGRRICSVCGTTYHLVFNPPKTPGICDKDGGELYQRADDNEETVSKRLEVNMKQIQPLLDFYSEKGYLRNINGQQDIQDVYADIKDLLRFLKK,59.53,MNLVLMGLPGAGKGTQGERIVEDYGIPHISTGDMFRAAMKEETPLGLEAKSYIDKGELVPDEVTIGIVKERLGKDDCERGFLLDGFPRTVAQAEALEEILEEYGKPIDYVINIEVDKDVLMERLTGRRICSVCGTTYHLVFNPPKTPGICDKDGGELYQRADDNEETVSKRLEVNMKQTQPLLDFYSEKGYLANVNGQQDIQDVYADVKDLLGGLKK,Understanding Thermal Adaptation of Enzymes through the Multistate Rational Design and Stability Prediction of 100 Adenylate Kinases S,"['Q15I', 'Y23R', 'I112L', 'T178I', 'A192R', 'V194I', 'V207I', 'G212R', 'G213F']","[15, 23, 112, 178, 192, 194, 207, 212, 213]",9
41,MNLVLMGLPGAGKGTIGERIVEDRGIPHISTGDMFRAAMKEETPLGLEAKSYIDKGELVPDEVTIGIVKERLGKDDCERGFLLDGFPRTVAQAEALEEILEEYGKPIDYVINIEVDKDVLMERLTGRRICSVCGTTYHLVFNPPKTPGICDKDGGELYQRADDNEETVSKRLEVNMKQIQPLLDFYSEKGYLRNVNGQQDIQDVYADIKDFLRFLKK,58.02,MNLVLMGLPGAGKGTQGERIVEDYGIPHISTGDMFRAAMKEETPLGLEAKSYIDKGELVPDEVTIGIVKERLGKDDCERGFLLDGFPRTVAQAEALEEILEEYGKPIDYVINIEVDKDVLMERLTGRRICSVCGTTYHLVFNPPKTPGICDKDGGELYQRADDNEETVSKRLEVNMKQTQPLLDFYSEKGYLANVNGQQDIQDVYADVKDLLGGLKK,Understanding Thermal Adaptation of Enzymes through the Multistate Rational Design and Stability Prediction of 100 Adenylate Kinases S,"['Q15I', 'Y23R', 'T178I', 'A192R', 'V207I', 'L210F', 'G212R', 'G213F']","[15, 23, 178, 192, 207, 210, 212, 213]",8
42,MNLVLMGLPGAGKGTIGERIVEDRGIPHISTGDMFRAAMKEETPLGLEAKSYIDKGELVPDEVTIGIVKERLGKDDCERGFLLDGFPRTVAQAEALEEILEEYGKPIDYVINIEVDKDVLMERLTGRRICSVCGTTYHLVFNPPKTPGICDKDGGELYQRADDNEETVSKRLEVNMKQIQPLLDFYSEKGYLFNVNGQQDIQDVYADIKDILRKLKK,60.42,MNLVLMGLPGAGKGTQGERIVEDYGIPHISTGDMFRAAMKEETPLGLEAKSYIDKGELVPDEVTIGIVKERLGKDDCERGFLLDGFPRTVAQAEALEEILEEYGKPIDYVINIEVDKDVLMERLTGRRICSVCGTTYHLVFNPPKTPGICDKDGGELYQRADDNEETVSKRLEVNMKQTQPLLDFYSEKGYLANVNGQQDIQDVYADVKDLLGGLKK,Understanding Thermal Adaptation of Enzymes through the Multistate Rational Design and Stability Prediction of 100 Adenylate Kinases S,"['Q15I', 'Y23R', 'T178I', 'A192F', 'V207I', 'L210I', 'G212R', 'G213K']","[15, 23, 178, 192, 207, 210, 212, 213]",8
43,MNLVLMGLPGAGKGTIGERIVEDRGIPHISTGDMFRAAMKEETPLGLEAKSYIDKGELVPDEVTIGIVKERLGKDDCERGFLLDGFPRTVAQAEALEEILEEYGKPIDYVINIEVDKDVLMERLTGRRICSVCGTTYHLVFNPPKTPGICDKDGGELYQRADDNEETVSKRLEVNMKQIQPLLDFYSEKGYLRNINGQKDIQDVYADIKDLLRFLKK,60.39,MNLVLMGLPGAGKGTQGERIVEDYGIPHISTGDMFRAAMKEETPLGLEAKSYIDKGELVPDEVTIGIVKERLGKDDCERGFLLDGFPRTVAQAEALEEILEEYGKPIDYVINIEVDKDVLMERLTGRRICSVCGTTYHLVFNPPKTPGICDKDGGELYQRADDNEETVSKRLEVNMKQTQPLLDFYSEKGYLANVNGQQDIQDVYADVKDLLGGLKK,Understanding Thermal Adaptation of Enzymes through the Multistate Rational Design and Stability Prediction of 100 Adenylate Kinases S,"['Q15I', 'Y23R', 'T178I', 'A192R', 'V194I', 'Q198K', 'V207I', 'G212R', 'G213F']","[15, 23, 178, 192, 194, 198, 207, 212, 213]",9
44,MNLVLMGLPGAGKGTIGERIVEDRGIPHISTGDMFRAAMKEETPLGLEAKSYIDKGELVPDEVTIGIVKERLGKDDCERGFLLDGFPRTVAQAEALEEILEEYGKPIDYVINIEVDKDVLMERLTGRRICSVCGTTYHLVFNPPKTPGICDKDGGELYQRADDNEETVSKRLEVNMKQIQPLLDFYSEKGYLFNVNGQQDIQDVYADIKDILRRLKK,60.69,MNLVLMGLPGAGKGTQGERIVEDYGIPHISTGDMFRAAMKEETPLGLEAKSYIDKGELVPDEVTIGIVKERLGKDDCERGFLLDGFPRTVAQAEALEEILEEYGKPIDYVINIEVDKDVLMERLTGRRICSVCGTTYHLVFNPPKTPGICDKDGGELYQRADDNEETVSKRLEVNMKQTQPLLDFYSEKGYLANVNGQQDIQDVYADVKDLLGGLKK,Understanding Thermal Adaptation of Enzymes through the Multistate Rational Design and Stability Prediction of 100 Adenylate Kinases S,"['Q15I', 'Y23R', 'T178I', 'A192F', 'V207I', 'L210I', 'G212R', 'G213R']","[15, 23, 178, 192, 207, 210, 212, 213]",8
45,MNIVLMGLPGAGKGTIGERIVEDRGIPHISTGDMFRAAMKEETPLGLEAKSYIDKGELVPDEVTIGIVKERLGKDDCERGFLLDGFPRTVAQAEALEEILEEYGKPIDYVINLEVDKDVLMERLTGRRICSVCGTTYHLVFNPPKTPGICDKDGGELYQRADDNEETVSKRLEVNMKQIQPLLDFYSEKGYLRNINGQQDIQDVYADIKDLLRFLKK,59.34,MNLVLMGLPGAGKGTQGERIVEDYGIPHISTGDMFRAAMKEETPLGLEAKSYIDKGELVPDEVTIGIVKERLGKDDCERGFLLDGFPRTVAQAEALEEILEEYGKPIDYVINIEVDKDVLMERLTGRRICSVCGTTYHLVFNPPKTPGICDKDGGELYQRADDNEETVSKRLEVNMKQTQPLLDFYSEKGYLANVNGQQDIQDVYADVKDLLGGLKK,Understanding Thermal Adaptation of Enzymes through the Multistate Rational Design and Stability Prediction of 100 Adenylate Kinases S,"['L2I', 'Q15I', 'Y23R', 'I112L', 'T178I', 'A192R', 'V194I', 'V207I', 'G212R', 'G213F']","[2, 15, 23, 112, 178, 192, 194, 207, 212, 213]",10
46,MNLVLMGLPGAGKGTIGERIVEDRGIPHISTGDMFRAAMKEETPLGLEAKSYIDKGELVPDEVTIGIVKERLGKDDCERGFLLDGFPRTVAQAEALEEILEEYGKPIDYVINIEVDKDVLMERLTGRRICSVCGTTYHLVFNPPKTPGICDKDGGELYQRADDNEETVSKRLEVNMKQIQPLLDFYSEKGYLRNINGQQDIQDVYADIKDLLIFLKK,60.08,MNLVLMGLPGAGKGTQGERIVEDYGIPHISTGDMFRAAMKEETPLGLEAKSYIDKGELVPDEVTIGIVKERLGKDDCERGFLLDGFPRTVAQAEALEEILEEYGKPIDYVINIEVDKDVLMERLTGRRICSVCGTTYHLVFNPPKTPGICDKDGGELYQRADDNEETVSKRLEVNMKQTQPLLDFYSEKGYLANVNGQQDIQDVYADVKDLLGGLKK,Understanding Thermal Adaptation of Enzymes through the Multistate Rational Design and Stability Prediction of 100 Adenylate Kinases S,"['Q15I', 'Y23R', 'T178I', 'A192R', 'V194I', 'V207I', 'G212I', 'G213F']","[15, 23, 178, 192, 194, 207, 212, 213]",8
47,MNLVLMGLPGAGKGTIGERIVEDRGIPHISTGDMFRAAMKEETPLGLEAKSYIDKGELVPDEVTIGIVKERLGKDDCERGFLLDGFPRTVAQAEALEEILEEYGKPIDYVINIEVDKDVLMERLTGRRICSVCGTTYHLVFNPPKTPGICDKDGGELYQRADDNEETVSKRLEVNMKQIQPLLDFYSEKGYLRNINGQQDIQDVYADIKDLLGKLKK,64.95,MNLVLMGLPGAGKGTQGERIVEDYGIPHISTGDMFRAAMKEETPLGLEAKSYIDKGELVPDEVTIGIVKERLGKDDCERGFLLDGFPRTVAQAEALEEILEEYGKPIDYVINIEVDKDVLMERLTGRRICSVCGTTYHLVFNPPKTPGICDKDGGELYQRADDNEETVSKRLEVNMKQTQPLLDFYSEKGYLANVNGQQDIQDVYADVKDLLGGLKK,Understanding Thermal Adaptation of Enzymes through the Multistate Rational Design and Stability Prediction of 100 Adenylate Kinases S,"['Q15I', 'Y23R', 'T178I', 'A192R', 'V194I', 'V207I', 'G213K']","[15, 23, 178, 192, 194, 207, 213]",7
48,MNIVLMGLPGAGKGTIGERIVEDRGIPHISTGDMFRAAMKEETPLGLEAKSYIDKGELVPDEVTIGIVKERLGKDDCERGFLLDGFPRTVAQAEALEEILEEYGKPIDYVFNLEVDKDVLMERLTGRRICSVCGTTYHLVFNPPKTPGICDKDGGELYQRADDNEETVSKRLEVNMKQIQPLLDFYSEKGYLKNINGQQDIQDVYADLKDFLGKLKK,55.99,MNLVLMGLPGAGKGTQGERIVEDYGIPHISTGDMFRAAMKEETPLGLEAKSYIDKGELVPDEVTIGIVKERLGKDDCERGFLLDGFPRTVAQAEALEEILEEYGKPIDYVINIEVDKDVLMERLTGRRICSVCGTTYHLVFNPPKTPGICDKDGGELYQRADDNEETVSKRLEVNMKQTQPLLDFYSEKGYLANVNGQQDIQDVYADVKDLLGGLKK,Understanding Thermal Adaptation of Enzymes through the Multistate Rational Design and Stability Prediction of 100 Adenylate Kinases S,"['L2I', 'Q15I', 'Y23R', 'I110F', 'I112L', 'T178I', 'A192K', 'V194I', 'V207L', 'L210F', 'G213K']","[2, 15, 23, 110, 112, 178, 192, 194, 207, 210, 213]",11
49,MNIVLMGLPGAGKGTIGERIVEDRGIPHISTGDMFRAAMKEETPLGLEAKSYIDKGELVPDEVTIGIVKERLGKDDCERGFLLDGFPRTVAQAEALEEILEEYGKPIDYVFNIEVDKDVLMERLTGRRICSVCGTTYHLVFNPPKTPGICDKDGGELYQRADDNEETVSKRLEVNMKQIQPLLDFYSEKGYLKNINGQQDIQDVYADLKDFLGKLKK,58.67,MNLVLMGLPGAGKGTQGERIVEDYGIPHISTGDMFRAAMKEETPLGLEAKSYIDKGELVPDEVTIGIVKERLGKDDCERGFLLDGFPRTVAQAEALEEILEEYGKPIDYVINIEVDKDVLMERLTGRRICSVCGTTYHLVFNPPKTPGICDKDGGELYQRADDNEETVSKRLEVNMKQTQPLLDFYSEKGYLANVNGQQDIQDVYADVKDLLGGLKK,Understanding Thermal Adaptation of Enzymes through the Multistate Rational Design and Stability Prediction of 100 Adenylate Kinases S,"['L2I', 'Q15I', 'Y23R', 'I110F', 'T178I', 'A192K', 'V194I', 'V207L', 'L210F', 'G213K']","[2, 15, 23, 110, 178, 192, 194, 207, 210, 213]",10
50,MNIVLMGLPGAGKGTIGERIVEDWGIPHISTGDMFRAAMKEETPLGLEAKSYIDKGELVPDEVTIGIVKERLGKDDCERGFLLDGFPRTVAQAEALEEILEEYGKPIDYVFNLEVDKDVLMERLTGRRICSVCGTTYHLVFNPPKTPGICDKDGGELYQRADDNEETVSKRLEVNMKQIQPLLDFYSEKGYLKNINGQQDIQDVYADLKDFLGKLKK,64.08,MNLVLMGLPGAGKGTQGERIVEDYGIPHISTGDMFRAAMKEETPLGLEAKSYIDKGELVPDEVTIGIVKERLGKDDCERGFLLDGFPRTVAQAEALEEILEEYGKPIDYVINIEVDKDVLMERLTGRRICSVCGTTYHLVFNPPKTPGICDKDGGELYQRADDNEETVSKRLEVNMKQTQPLLDFYSEKGYLANVNGQQDIQDVYADVKDLLGGLKK,Understanding Thermal Adaptation of Enzymes through the Multistate Rational Design and Stability Prediction of 100 Adenylate Kinases S,"['L2I', 'Q15I', 'Y23W', 'I110F', 'I112L', 'T178I', 'A192K', 'V194I', 'V207L', 'L210F', 'G213K']","[2, 15, 23, 110, 112, 178, 192, 194, 207, 210, 213]",11
51,MNLVLMGLPGAGKGTIGERIVEDWGIPHISTGDMFRAAMKEETPLGLEAKSYIDKGELVPDEVTIGIVKERLGKDDCERGFLLDGFPRTVAQAEALEEILEEYGKPIDYVINIEVDKDVLMERLTGRRICSVCGTTYHLVFNPPKTPGICDKDGGELYQRADDNEETVSKRLEVNMKQIQPLLDFYSEKGYLRNINGQQDIQDVYADIKDLLGKLKK,71.11,MNLVLMGLPGAGKGTQGERIVEDYGIPHISTGDMFRAAMKEETPLGLEAKSYIDKGELVPDEVTIGIVKERLGKDDCERGFLLDGFPRTVAQAEALEEILEEYGKPIDYVINIEVDKDVLMERLTGRRICSVCGTTYHLVFNPPKTPGICDKDGGELYQRADDNEETVSKRLEVNMKQTQPLLDFYSEKGYLANVNGQQDIQDVYADVKDLLGGLKK,Understanding Thermal Adaptation of Enzymes through the Multistate Rational Design and Stability Prediction of 100 Adenylate Kinases S,"['Q15I', 'Y23W', 'T178I', 'A192R', 'V194I', 'V207I', 'G213K']","[15, 23, 178, 192, 194, 207, 213]",7
52,MNLVLMGLPGAGKGTIGERIVEDRGIPHISTGDMFRAAMKEETPLGLEAKSYIDKGELVPDEVTIGIVKERLGKDDCERGFLLDGFPRTVAQAEALEEILEEYGKPIDYVINLEVDKDVLMERLTGRRICSVCGTTYHLVFNPPKTPGICDKDGGELYQRADDNEETVSKRLEVNMKQIQPLLDFYSEKGYLRNINGQQDIQDVYADIKDLLGKLKK,63.6,MNLVLMGLPGAGKGTQGERIVEDYGIPHISTGDMFRAAMKEETPLGLEAKSYIDKGELVPDEVTIGIVKERLGKDDCERGFLLDGFPRTVAQAEALEEILEEYGKPIDYVINIEVDKDVLMERLTGRRICSVCGTTYHLVFNPPKTPGICDKDGGELYQRADDNEETVSKRLEVNMKQTQPLLDFYSEKGYLANVNGQQDIQDVYADVKDLLGGLKK,Understanding Thermal Adaptation of Enzymes through the Multistate Rational Design and Stability Prediction of 100 Adenylate Kinases S,"['Q15I', 'Y23R', 'I112L', 'T178I', 'A192R', 'V194I', 'V207I', 'G213K']","[15, 23, 112, 178, 192, 194, 207, 213]",8
53,MNLVLMGLPGAGKGTIGERIVEDRGIPHISTGDMFRAAMKEETPLGLEAKSYIDKGELVPDEVTIGIVKERLGKDDCERGFLLDGFPRTVAQAEALEEILEEYGKPIDYVINIEVDKDVLMERLTGRRICSVCGTTYHLVFNPPKTPGICDKDGGELYQRADDNEETVSKRLEVNMKQIQPLLDFYSEKGYLRNVNGQQDIQDVYADIKDFLGKLKK,61.22,MNLVLMGLPGAGKGTQGERIVEDYGIPHISTGDMFRAAMKEETPLGLEAKSYIDKGELVPDEVTIGIVKERLGKDDCERGFLLDGFPRTVAQAEALEEILEEYGKPIDYVINIEVDKDVLMERLTGRRICSVCGTTYHLVFNPPKTPGICDKDGGELYQRADDNEETVSKRLEVNMKQTQPLLDFYSEKGYLANVNGQQDIQDVYADVKDLLGGLKK,Understanding Thermal Adaptation of Enzymes through the Multistate Rational Design and Stability Prediction of 100 Adenylate Kinases S,"['Q15I', 'Y23R', 'T178I', 'A192R', 'V207I', 'L210F', 'G213K']","[15, 23, 178, 192, 207, 210, 213]",7
54,MNLVLMGLPGAGKGTIGERIVEDRGIPHISTGDMFRAAMKEETPLGLEAKSYIDKGELVPDEVTIGIVKERLGKDDCERGFLLDGFPRTVAQAEALEEILEEYGKPIDYVINIEVDKDVLMERLTGRRICSVCGTTYHLVFNPPKTPGICDKDGGELYQRADDNEETVSKRLEVNMKQIQPLLDFYSEKGYLFNVNGQQDIQDVYADIKDILGKLKK,61.97,MNLVLMGLPGAGKGTQGERIVEDYGIPHISTGDMFRAAMKEETPLGLEAKSYIDKGELVPDEVTIGIVKERLGKDDCERGFLLDGFPRTVAQAEALEEILEEYGKPIDYVINIEVDKDVLMERLTGRRICSVCGTTYHLVFNPPKTPGICDKDGGELYQRADDNEETVSKRLEVNMKQTQPLLDFYSEKGYLANVNGQQDIQDVYADVKDLLGGLKK,Understanding Thermal Adaptation of Enzymes through the Multistate Rational Design and Stability Prediction of 100 Adenylate Kinases S,"['Q15I', 'Y23R', 'T178I', 'A192F', 'V207I', 'L210I', 'G213K']","[15, 23, 178, 192, 207, 210, 213]",7
55,MNLVLMGLPGAGKGTIGERIVEDWGIPHISTGDMFRAAMKEETPLGLEAKSYIDKGELVPDEVTIGIVKERLGKDDCERGFLLDGFPRTVAQAEALEEILEEYGKPIDYVINIEVDKDVLMERLTGRRICSVCGTTYHLVFNPPKTPGICDKDGGELYQRADDNEETVSKRLEVNMKQIQPLLDFYSEKGYLRNVNGQQDIQDVYADIKDFLGKLKK,67.96,MNLVLMGLPGAGKGTQGERIVEDYGIPHISTGDMFRAAMKEETPLGLEAKSYIDKGELVPDEVTIGIVKERLGKDDCERGFLLDGFPRTVAQAEALEEILEEYGKPIDYVINIEVDKDVLMERLTGRRICSVCGTTYHLVFNPPKTPGICDKDGGELYQRADDNEETVSKRLEVNMKQTQPLLDFYSEKGYLANVNGQQDIQDVYADVKDLLGGLKK,Understanding Thermal Adaptation of Enzymes through the Multistate Rational Design and Stability Prediction of 100 Adenylate Kinases S,"['Q15I', 'Y23W', 'T178I', 'A192R', 'V207I', 'L210F', 'G213K']","[15, 23, 178, 192, 207, 210, 213]",7
56,MNLVLMGLPGAGKGTIGERIVEDWGIPHISTGDMFRAAMKEETPLGLEAKSYIDKGELVPDEVTIGIVKERLGKDDCERGFLLDGFPRTVAQAEALEEILEEYGKPIDYVINLEVDKDVLMERLTGRRICSVCGTTYHLVFNPPKTPGICDKDGGELYQRADDNEETVSKRLEVNMKQIQPLLDFYSEKGYLRNINGQQDIQDVYADIKDLLGKLKK,69.98,MNLVLMGLPGAGKGTQGERIVEDYGIPHISTGDMFRAAMKEETPLGLEAKSYIDKGELVPDEVTIGIVKERLGKDDCERGFLLDGFPRTVAQAEALEEILEEYGKPIDYVINIEVDKDVLMERLTGRRICSVCGTTYHLVFNPPKTPGICDKDGGELYQRADDNEETVSKRLEVNMKQTQPLLDFYSEKGYLANVNGQQDIQDVYADVKDLLGGLKK,Understanding Thermal Adaptation of Enzymes through the Multistate Rational Design and Stability Prediction of 100 Adenylate Kinases S,"['Q15I', 'Y23W', 'I112L', 'T178I', 'A192R', 'V194I', 'V207I', 'G213K']","[15, 23, 112, 178, 192, 194, 207, 213]",8
57,MNIVLMGLPGAGKGTIGERIVEDFGIPHISTGDMFRAAMKEETPLGLEAKSYIDKGELVPDEVTIGIVKERLGKDDCERGFLLDGFPRTVAQAEALEEILEEYGKPIDYVFNLEVDKDVLMERLTGRRICSVCGTTYHLVFNPPKTPGICDKDGGELYQRADDNEETVSKRLEVNMKQIQPLLDFYSEKGYLRNINGQQDIQDVYADLKDFLKGLKK,67.04,MNLVLMGLPGAGKGTQGERIVEDYGIPHISTGDMFRAAMKEETPLGLEAKSYIDKGELVPDEVTIGIVKERLGKDDCERGFLLDGFPRTVAQAEALEEILEEYGKPIDYVINIEVDKDVLMERLTGRRICSVCGTTYHLVFNPPKTPGICDKDGGELYQRADDNEETVSKRLEVNMKQTQPLLDFYSEKGYLANVNGQQDIQDVYADVKDLLGGLKK,Understanding Thermal Adaptation of Enzymes through the Multistate Rational Design and Stability Prediction of 100 Adenylate Kinases S,"['L2I', 'Q15I', 'Y23F', 'I110F', 'I112L', 'T178I', 'A192R', 'V194I', 'V207L', 'L210F', 'G212K']","[2, 15, 23, 110, 112, 178, 192, 194, 207, 210, 212]",11
58,MNIVLMGLPGAGKGTIGERIVEDFGIPHISTGDMFRAAMKEETPLGLEAKSYIDKGELVPDEVTIGIVKERLGKDDCERGFLLDGFPRTVAQAEALEEILEEYGKPIDYVFNLEVDKDVLMERLTGRRICSVCGTTYHLVFNPPKTPGICDKDGGELYQRADDNEETVSKRLEVNMKQIQPLLDFYSEKGYLRNINGQQDIQDVYADLKDFLRGLKK,66.33,MNLVLMGLPGAGKGTQGERIVEDYGIPHISTGDMFRAAMKEETPLGLEAKSYIDKGELVPDEVTIGIVKERLGKDDCERGFLLDGFPRTVAQAEALEEILEEYGKPIDYVINIEVDKDVLMERLTGRRICSVCGTTYHLVFNPPKTPGICDKDGGELYQRADDNEETVSKRLEVNMKQTQPLLDFYSEKGYLANVNGQQDIQDVYADVKDLLGGLKK,Understanding Thermal Adaptation of Enzymes through the Multistate Rational Design and Stability Prediction of 100 Adenylate Kinases S,"['L2I', 'Q15I', 'Y23F', 'I110F', 'I112L', 'T178I', 'A192R', 'V194I', 'V207L', 'L210F', 'G212R']","[2, 15, 23, 110, 112, 178, 192, 194, 207, 210, 212]",11
59,MNIVLMGLPGAGKGTIGERIVEDFGIPHISTGDMFRAAMKEETPLGLEAKSYIDKGELVPDEVTIGIVKERLGKDDCERGFLLDGFPRTVAQAEALEEILEEYGKPIDYVFNLEVDKDVLMERLTGRRICSVCGTTYHLVFNPPKTPGICDKDGGELYQRADDNEETVSKRLEVNMKQIQPLLDFYSEKGYLININGQQDIQDVYADLKDFLKGLKK,68.26,MNLVLMGLPGAGKGTQGERIVEDYGIPHISTGDMFRAAMKEETPLGLEAKSYIDKGELVPDEVTIGIVKERLGKDDCERGFLLDGFPRTVAQAEALEEILEEYGKPIDYVINIEVDKDVLMERLTGRRICSVCGTTYHLVFNPPKTPGICDKDGGELYQRADDNEETVSKRLEVNMKQTQPLLDFYSEKGYLANVNGQQDIQDVYADVKDLLGGLKK,Understanding Thermal Adaptation of Enzymes through the Multistate Rational Design and Stability Prediction of 100 Adenylate Kinases S,"['L2I', 'Q15I', 'Y23F', 'I110F', 'I112L', 'T178I', 'A192I', 'V194I', 'V207L', 'L210F', 'G212K']","[2, 15, 23, 110, 112, 178, 192, 194, 207, 210, 212]",11
60,MNIVLMGLPGAGKGTIGERIVEDFGIPHISTGDMFRAAMKEETPLGLEAKSYIDKGELVPDEVTIGIVKERLGKDDCERGFLLDGFPRTVAQAEALEEILEEYGKPIDYVFNLEVDKDVLMERLTGRRICSVCGTTYHLVFNPPKTPGICDKDGGELYQRADDNEETVSKRLEVNMKQIQPLLDFYSEKGYLININGQQDIQDVYADLKDFLRGLKK,66.85,MNLVLMGLPGAGKGTQGERIVEDYGIPHISTGDMFRAAMKEETPLGLEAKSYIDKGELVPDEVTIGIVKERLGKDDCERGFLLDGFPRTVAQAEALEEILEEYGKPIDYVINIEVDKDVLMERLTGRRICSVCGTTYHLVFNPPKTPGICDKDGGELYQRADDNEETVSKRLEVNMKQTQPLLDFYSEKGYLANVNGQQDIQDVYADVKDLLGGLKK,Understanding Thermal Adaptation of Enzymes through the Multistate Rational Design and Stability Prediction of 100 Adenylate Kinases S,"['L2I', 'Q15I', 'Y23F', 'I110F', 'I112L', 'T178I', 'A192I', 'V194I', 'V207L', 'L210F', 'G212R']","[2, 15, 23, 110, 112, 178, 192, 194, 207, 210, 212]",11
61,MNIVLMGLPGAGKGTIGERIVEDFGIPHISTGDMFRAAMKEETPLGLEAKSYIDKGELVPDEVTIGIVKERLGKDDCERGFLLDGFPRTVAQAEALEEILEEYGKPIDYVFNLEVDKDVLMERLTGRRICSVCGTTYHLVFNPPKTPGICDKDGGELYQRADDNEETVSKRLEVNMKQIQPLLDFYSEKGYLKNINGQQDIQDVYADLKDFLKGLKK,66.24,MNLVLMGLPGAGKGTQGERIVEDYGIPHISTGDMFRAAMKEETPLGLEAKSYIDKGELVPDEVTIGIVKERLGKDDCERGFLLDGFPRTVAQAEALEEILEEYGKPIDYVINIEVDKDVLMERLTGRRICSVCGTTYHLVFNPPKTPGICDKDGGELYQRADDNEETVSKRLEVNMKQTQPLLDFYSEKGYLANVNGQQDIQDVYADVKDLLGGLKK,Understanding Thermal Adaptation of Enzymes through the Multistate Rational Design and Stability Prediction of 100 Adenylate Kinases S,"['L2I', 'Q15I', 'Y23F', 'I110F', 'I112L', 'T178I', 'A192K', 'V194I', 'V207L', 'L210F', 'G212K']","[2, 15, 23, 110, 112, 178, 192, 194, 207, 210, 212]",11
62,MNIVLMGLPGAGKGTIGERIVEDFGIPHISTGDMFRAAMKEETPLGLEAKSYIDKGELVPDEVTIGIVKERLGKDDCERGFLLDGFPRTVAQAEALEEILEEYGKPIDYVFNLEVDKDVLMERLTGRRICSVCGTTYHLVFNPPKTPGICDKDGGELYQRADDNEETVSKRLEVNMKQIQPLLDFYSEKGYLKNINGQQDIQDVYADLKDFLRGLKK,66.4,MNLVLMGLPGAGKGTQGERIVEDYGIPHISTGDMFRAAMKEETPLGLEAKSYIDKGELVPDEVTIGIVKERLGKDDCERGFLLDGFPRTVAQAEALEEILEEYGKPIDYVINIEVDKDVLMERLTGRRICSVCGTTYHLVFNPPKTPGICDKDGGELYQRADDNEETVSKRLEVNMKQTQPLLDFYSEKGYLANVNGQQDIQDVYADVKDLLGGLKK,Understanding Thermal Adaptation of Enzymes through the Multistate Rational Design and Stability Prediction of 100 Adenylate Kinases S,"['L2I', 'Q15I', 'Y23F', 'I110F', 'I112L', 'T178I', 'A192K', 'V194I', 'V207L', 'L210F', 'G212R']","[2, 15, 23, 110, 112, 178, 192, 194, 207, 210, 212]",11
63,MNIVLMGLPGAGKGTIGERIVEDFGIPHISTGDMFRAAMKEETPLGLEAKSYIDKGELVPDEVTIGIVKERLGKDDCERGFLLDGFPRTVAQAEALEEILEEYGKPIDYVFNLEVDKDVLMERLTGRRICSVCGTTYHLVFNPPKTPGICDKDGGELYQRADDNEETVSKRLEVNMKQIQPLLDFYSEKGYLRNINGQQDIQDVYADLKDFLKSLKK,61.39,MNLVLMGLPGAGKGTQGERIVEDYGIPHISTGDMFRAAMKEETPLGLEAKSYIDKGELVPDEVTIGIVKERLGKDDCERGFLLDGFPRTVAQAEALEEILEEYGKPIDYVINIEVDKDVLMERLTGRRICSVCGTTYHLVFNPPKTPGICDKDGGELYQRADDNEETVSKRLEVNMKQTQPLLDFYSEKGYLANVNGQQDIQDVYADVKDLLGGLKK,Understanding Thermal Adaptation of Enzymes through the Multistate Rational Design and Stability Prediction of 100 Adenylate Kinases S,"['L2I', 'Q15I', 'Y23F', 'I110F', 'I112L', 'T178I', 'A192R', 'V194I', 'V207L', 'L210F', 'G212K', 'G213S']","[2, 15, 23, 110, 112, 178, 192, 194, 207, 210, 212, 213]",12
64,MNIVLMGLPGAGKGTIGERIVEDRGIPHISTGDMFRAAMKEETPLGLEAKSYIDKGELVPDEVTIGIVKERLGKDDCERGFLLDGFPRTVAQAEALEEILEEYGKPIDYVFNLEVDKDVLMERLTGRRICSVCGTTYHLVFNPPKTPGICDKDGGELYQRADDNEETVSKRLEVNMKQIQPLLDFYSEKGYLRNINGQQDIQDVYADLKDFLRGLKK,55.5,MNLVLMGLPGAGKGTQGERIVEDYGIPHISTGDMFRAAMKEETPLGLEAKSYIDKGELVPDEVTIGIVKERLGKDDCERGFLLDGFPRTVAQAEALEEILEEYGKPIDYVINIEVDKDVLMERLTGRRICSVCGTTYHLVFNPPKTPGICDKDGGELYQRADDNEETVSKRLEVNMKQTQPLLDFYSEKGYLANVNGQQDIQDVYADVKDLLGGLKK,Understanding Thermal Adaptation of Enzymes through the Multistate Rational Design and Stability Prediction of 100 Adenylate Kinases S,"['L2I', 'Q15I', 'Y23R', 'I110F', 'I112L', 'T178I', 'A192R', 'V194I', 'V207L', 'L210F', 'G212R']","[2, 15, 23, 110, 112, 178, 192, 194, 207, 210, 212]",11
65,MNIVLMGLPGAGKGTIGERIVEDFGIPHISTGDMFRAAMKEETPLGLEAKSYIDKGELVPDEVTIGIVKERLGKDDCERGFLLDGFPRTVAQAEALEEILEEYGKPIDYVFNLEVDKDVLMERLTGRRICSVCGTTYHLVFNPPKTPGICDKDGGELYQRADDNEETVSKRLEVNMKQIQPLLDFYSEKGYLFNINGQQDIQDVYADLKDFLKGLKK,63.94,MNLVLMGLPGAGKGTQGERIVEDYGIPHISTGDMFRAAMKEETPLGLEAKSYIDKGELVPDEVTIGIVKERLGKDDCERGFLLDGFPRTVAQAEALEEILEEYGKPIDYVINIEVDKDVLMERLTGRRICSVCGTTYHLVFNPPKTPGICDKDGGELYQRADDNEETVSKRLEVNMKQTQPLLDFYSEKGYLANVNGQQDIQDVYADVKDLLGGLKK,Understanding Thermal Adaptation of Enzymes through the Multistate Rational Design and Stability Prediction of 100 Adenylate Kinases S,"['L2I', 'Q15I', 'Y23F', 'I110F', 'I112L', 'T178I', 'A192F', 'V194I', 'V207L', 'L210F', 'G212K']","[2, 15, 23, 110, 112, 178, 192, 194, 207, 210, 212]",11
66,MNIVLMGLPGAGKGTIGERIVEDFGIPHISTGDMFRAAMKEETPLGLEAKSYIDKGELVPDEVTIGIVKERLGKDDCERGFLLDGFPRTVAQAEALEEILEEYGKPIDYVFNLEVDKDVLMERLTGRRICSVCGTTYHLVFNPPKTPGICDKDGGELYQRADDNEETVSKRLEVNMKQIQPLLDFYSEKGYLFNINGQQDIQDVYADLKDFLRGLKK,65.18,MNLVLMGLPGAGKGTQGERIVEDYGIPHISTGDMFRAAMKEETPLGLEAKSYIDKGELVPDEVTIGIVKERLGKDDCERGFLLDGFPRTVAQAEALEEILEEYGKPIDYVINIEVDKDVLMERLTGRRICSVCGTTYHLVFNPPKTPGICDKDGGELYQRADDNEETVSKRLEVNMKQTQPLLDFYSEKGYLANVNGQQDIQDVYADVKDLLGGLKK,Understanding Thermal Adaptation of Enzymes through the Multistate Rational Design and Stability Prediction of 100 Adenylate Kinases S,"['L2I', 'Q15I', 'Y23F', 'I110F', 'I112L', 'T178I', 'A192F', 'V194I', 'V207L', 'L210F', 'G212R']","[2, 15, 23, 110, 112, 178, 192, 194, 207, 210, 212]",11
67,MNIVLMGLPGAGKGTIGERIVEDFGIPHISTGDMFRAAMKEETPLGLEAKSYIDKGELVPDEVTIGIVKERLGKDDCERGFLLDGFPRTVAQAEALEEILEEYGKPIDYVFNLEVDKDVLMERLTGRRICSVCGTTYHLVFNPPKTPGICDKDGGELYQRADDNEETVSKRLEVNMKQIQPLLDFYSEKGYLANINGQQDIQDVYADLKDFLKGLKK,65.69,MNLVLMGLPGAGKGTQGERIVEDYGIPHISTGDMFRAAMKEETPLGLEAKSYIDKGELVPDEVTIGIVKERLGKDDCERGFLLDGFPRTVAQAEALEEILEEYGKPIDYVINIEVDKDVLMERLTGRRICSVCGTTYHLVFNPPKTPGICDKDGGELYQRADDNEETVSKRLEVNMKQTQPLLDFYSEKGYLANVNGQQDIQDVYADVKDLLGGLKK,Understanding Thermal Adaptation of Enzymes through the Multistate Rational Design and Stability Prediction of 100 Adenylate Kinases S,"['L2I', 'Q15I', 'Y23F', 'I110F', 'I112L', 'T178I', 'V194I', 'V207L', 'L210F', 'G212K']","[2, 15, 23, 110, 112, 178, 194, 207, 210, 212]",10
68,MNIVLMGLPGAGKGTIGERIVEDFGIPHISTGDMFRAAMKEETPLGLEAKSYIDKGELVPDEVTIGIVKERLGKDDCERGFLLDGFPRTVAQAEALEEILEEYGKPIDYVFNLEVDKDVLMERLTGRRICSVCGTTYHLVFNPPKTPGICDKDGGELYQRADDNEETVSKRLEVNMKQIQPLLDFYSEKGYLANINGQQDIQDVYADLKDFLRGLKK,66.85,MNLVLMGLPGAGKGTQGERIVEDYGIPHISTGDMFRAAMKEETPLGLEAKSYIDKGELVPDEVTIGIVKERLGKDDCERGFLLDGFPRTVAQAEALEEILEEYGKPIDYVINIEVDKDVLMERLTGRRICSVCGTTYHLVFNPPKTPGICDKDGGELYQRADDNEETVSKRLEVNMKQTQPLLDFYSEKGYLANVNGQQDIQDVYADVKDLLGGLKK,Understanding Thermal Adaptation of Enzymes through the Multistate Rational Design and Stability Prediction of 100 Adenylate Kinases S,"['L2I', 'Q15I', 'Y23F', 'I110F', 'I112L', 'T178I', 'V194I', 'V207L', 'L210F', 'G212R']","[2, 15, 23, 110, 112, 178, 194, 207, 210, 212]",10
69,MNIVLMGLPGAGKGTIGERIVEDRGIPHISTGDMFRAAMKEETPLGLEAKSYIDKGELVPDEVTIGIVKERLGKDDCERGFLLDGFPRTVAQAEALEEILEEYGKPIDYVFNLEVDKDVLMERLTGRRICSVCGTTYHLVFNPPKTPGICDKDGGELYQRADDNEETVSKRLEVNMKQIQPLLDFYSEKGYLANINGQQDIQDVYADLKDFLRGLKK,57.05,MNLVLMGLPGAGKGTQGERIVEDYGIPHISTGDMFRAAMKEETPLGLEAKSYIDKGELVPDEVTIGIVKERLGKDDCERGFLLDGFPRTVAQAEALEEILEEYGKPIDYVINIEVDKDVLMERLTGRRICSVCGTTYHLVFNPPKTPGICDKDGGELYQRADDNEETVSKRLEVNMKQTQPLLDFYSEKGYLANVNGQQDIQDVYADVKDLLGGLKK,Understanding Thermal Adaptation of Enzymes through the Multistate Rational Design and Stability Prediction of 100 Adenylate Kinases S,"['L2I', 'Q15I', 'Y23R', 'I110F', 'I112L', 'T178I', 'V194I', 'V207L', 'L210F', 'G212R']","[2, 15, 23, 110, 112, 178, 194, 207, 210, 212]",10
70,MNIVLMGLPGAGKGTIGERIVEDFGIPHISTGDMFRAAMKEETPLGLEAKSYIDKGELVPDEVTIGIVKERLGKDDCERGFLLDGFPRTVAQAEALEEILEEYGKPIDYVFNLEVDKDVLMERLTGRRICSVCGTTYHLVFNPPKTPGICDKDGGELYQRADDNEETVSKRLEVNMKQIQPLLDFYSEKGYLANINGQQDIQDVYADLKDFLFGLKK,67.97,MNLVLMGLPGAGKGTQGERIVEDYGIPHISTGDMFRAAMKEETPLGLEAKSYIDKGELVPDEVTIGIVKERLGKDDCERGFLLDGFPRTVAQAEALEEILEEYGKPIDYVINIEVDKDVLMERLTGRRICSVCGTTYHLVFNPPKTPGICDKDGGELYQRADDNEETVSKRLEVNMKQTQPLLDFYSEKGYLANVNGQQDIQDVYADVKDLLGGLKK,Understanding Thermal Adaptation of Enzymes through the Multistate Rational Design and Stability Prediction of 100 Adenylate Kinases S,"['L2I', 'Q15I', 'Y23F', 'I110F', 'I112L', 'T178I', 'V194I', 'V207L', 'L210F', 'G212F']","[2, 15, 23, 110, 112, 178, 194, 207, 210, 212]",10
71,MNIVLMGLPGAGKGTIGERIVEDFGIPHISTGDMFRAAMKEETPLGLEAKSYIDKGELVPDEVTIGIVKERLGKDDCERGFLLDGFPRTVAQAEALEEILEEYGKPIDYVFNLEVDKDVLMERLTGRRICSVCGTTYHLVFNPPKTPGICDKDGGELYQRADDNEETVSKRLEVNMKQIQPLLDFYSEKGYLANINGQKDIQDVYADLKDFLKGLKK,67.03,MNLVLMGLPGAGKGTQGERIVEDYGIPHISTGDMFRAAMKEETPLGLEAKSYIDKGELVPDEVTIGIVKERLGKDDCERGFLLDGFPRTVAQAEALEEILEEYGKPIDYVINIEVDKDVLMERLTGRRICSVCGTTYHLVFNPPKTPGICDKDGGELYQRADDNEETVSKRLEVNMKQTQPLLDFYSEKGYLANVNGQQDIQDVYADVKDLLGGLKK,Understanding Thermal Adaptation of Enzymes through the Multistate Rational Design and Stability Prediction of 100 Adenylate Kinases S,"['L2I', 'Q15I', 'Y23F', 'I110F', 'I112L', 'T178I', 'V194I', 'Q198K', 'V207L', 'L210F', 'G212K']","[2, 15, 23, 110, 112, 178, 194, 198, 207, 210, 212]",11
72,MNIVLMGLPGAGKGTIGERIVEDFGIPHISTGDMFRAAMKEETPLGLEAKSYIDKGELVPDEVTIGIVKERLGKDDCERGFLLDGFPRTVAQAEALEEILEEYGKPIDYVFNLEVDKDVLMERLTGRRICSVCGTTYHLVFNPPKTPGICDKDGGELYQRADDNEETVSKRLEVNMKQIQPLLDFYSEKGYLANINGQKDIQDVYADLKDFLRGLKK,67.17,MNLVLMGLPGAGKGTQGERIVEDYGIPHISTGDMFRAAMKEETPLGLEAKSYIDKGELVPDEVTIGIVKERLGKDDCERGFLLDGFPRTVAQAEALEEILEEYGKPIDYVINIEVDKDVLMERLTGRRICSVCGTTYHLVFNPPKTPGICDKDGGELYQRADDNEETVSKRLEVNMKQTQPLLDFYSEKGYLANVNGQQDIQDVYADVKDLLGGLKK,Understanding Thermal Adaptation of Enzymes through the Multistate Rational Design and Stability Prediction of 100 Adenylate Kinases S,"['L2I', 'Q15I', 'Y23F', 'I110F', 'I112L', 'T178I', 'V194I', 'Q198K', 'V207L', 'L210F', 'G212R']","[2, 15, 23, 110, 112, 178, 194, 198, 207, 210, 212]",11
73,MNIVLMGLPGAGKGTIGERIVEDRGIPHISTGDMFRAAMKEETPLGLEAKSYIDKGELVPDEVTIGIVKERLGKDDCERGFLLDGFPRTVAQAEALEEILEEYGKPIDYVFNLEVDKDVLMERLTGRRICSVCGTTYHLVFNPPKTPGICDKDGGELYQRADDNEETVSKRLEVNMKQIQPLLDFYSEKGYLANINGQQDIQDVYADLKDFLSGLKK,58.64,MNLVLMGLPGAGKGTQGERIVEDYGIPHISTGDMFRAAMKEETPLGLEAKSYIDKGELVPDEVTIGIVKERLGKDDCERGFLLDGFPRTVAQAEALEEILEEYGKPIDYVINIEVDKDVLMERLTGRRICSVCGTTYHLVFNPPKTPGICDKDGGELYQRADDNEETVSKRLEVNMKQTQPLLDFYSEKGYLANVNGQQDIQDVYADVKDLLGGLKK,Understanding Thermal Adaptation of Enzymes through the Multistate Rational Design and Stability Prediction of 100 Adenylate Kinases S,"['L2I', 'Q15I', 'Y23R', 'I110F', 'I112L', 'T178I', 'V194I', 'V207L', 'L210F', 'G212S']","[2, 15, 23, 110, 112, 178, 194, 207, 210, 212]",10
74,MNIVLMGLPGAGKGTIGERIVEDRGIPHISTGDMFRAAMKEETPLGLEAKSYIDKGELVPDEVTIGIVKERLGKDDCERGFLLDGFPRTVAQAEALEEILEEYGKPIDYVFNLEVDKDVLMERLTGRRICSVCGTTYHLVFNPPKTPGICDKDGGELYQRADDNEETVSKRLEVNMKQIQPLLDFYSEKGYLANINGQQDIQDVYADLKDFLKGLKK,57.26,MNLVLMGLPGAGKGTQGERIVEDYGIPHISTGDMFRAAMKEETPLGLEAKSYIDKGELVPDEVTIGIVKERLGKDDCERGFLLDGFPRTVAQAEALEEILEEYGKPIDYVINIEVDKDVLMERLTGRRICSVCGTTYHLVFNPPKTPGICDKDGGELYQRADDNEETVSKRLEVNMKQTQPLLDFYSEKGYLANVNGQQDIQDVYADVKDLLGGLKK,Understanding Thermal Adaptation of Enzymes through the Multistate Rational Design and Stability Prediction of 100 Adenylate Kinases S,"['L2I', 'Q15I', 'Y23R', 'I110F', 'I112L', 'T178I', 'V194I', 'V207L', 'L210F', 'G212K']","[2, 15, 23, 110, 112, 178, 194, 207, 210, 212]",10
75,MNIVLMGLPGAGKGTIGERIVEDFGIPHISTGDMFRAAMKEETPLGLEAKSYIDKGELVPDEVTIGIVKERLGKDDCERGFLLDGFPRTVAQAEALEEILEEYGKPIDYVFNLEVDKDVLMERLTGRRICSVCGTTYHLVFNPPKTPGICDKDGGELYQRADDNEETVSKRLEVNMKQIQPLLDFYSEKGYLANINGQQDIQDVYADLKDFLIRLKK,70.37,MNLVLMGLPGAGKGTQGERIVEDYGIPHISTGDMFRAAMKEETPLGLEAKSYIDKGELVPDEVTIGIVKERLGKDDCERGFLLDGFPRTVAQAEALEEILEEYGKPIDYVINIEVDKDVLMERLTGRRICSVCGTTYHLVFNPPKTPGICDKDGGELYQRADDNEETVSKRLEVNMKQTQPLLDFYSEKGYLANVNGQQDIQDVYADVKDLLGGLKK,Understanding Thermal Adaptation of Enzymes through the Multistate Rational Design and Stability Prediction of 100 Adenylate Kinases S,"['L2I', 'Q15I', 'Y23F', 'I110F', 'I112L', 'T178I', 'V194I', 'V207L', 'L210F', 'G212I', 'G213R']","[2, 15, 23, 110, 112, 178, 194, 207, 210, 212, 213]",11
76,MNIVLMGLPGAGKGTIGERIVEDWGIPHISTGDMFRAAMKEETPLGLEAKSYIDKGELVPDEVTIGIVKERLGKDDCERGFLLDGFPRTVAQAEALEEILEEYGKPIDYVFNLEVDKDVLMERLTGRRICSVCGTTYHLVFNPPKTPGICDKDGGELYQRADDNEETVSKRLEVNMKQIQPLLDFYSEKGYLANINGQQDIQDVYADLKDFLFGLKK,65.49,MNLVLMGLPGAGKGTQGERIVEDYGIPHISTGDMFRAAMKEETPLGLEAKSYIDKGELVPDEVTIGIVKERLGKDDCERGFLLDGFPRTVAQAEALEEILEEYGKPIDYVINIEVDKDVLMERLTGRRICSVCGTTYHLVFNPPKTPGICDKDGGELYQRADDNEETVSKRLEVNMKQTQPLLDFYSEKGYLANVNGQQDIQDVYADVKDLLGGLKK,Understanding Thermal Adaptation of Enzymes through the Multistate Rational Design and Stability Prediction of 100 Adenylate Kinases S,"['L2I', 'Q15I', 'Y23W', 'I110F', 'I112L', 'T178I', 'V194I', 'V207L', 'L210F', 'G212F']","[2, 15, 23, 110, 112, 178, 194, 207, 210, 212]",10
77,MNIVLMGLPGAGKGTIGERIVEDFGIPHISTGDMFRAAMKEETPLGLEAKSYIDKGELVPDEVTIGIVKERLGKDDCERGFLLDGFPRTVAQAEALEEILEEYGKPIDYVINIEVDKDVLMERLTGRRICSVCGTTYHLVFNPPKTPGICDKDGGELYQRADDNEETVSKRLEVNMKQTQPLLDFYSEKGYLFNVNGQQDIQDVYADLKDILRGLKK,68.24,MNLVLMGLPGAGKGTQGERIVEDYGIPHISTGDMFRAAMKEETPLGLEAKSYIDKGELVPDEVTIGIVKERLGKDDCERGFLLDGFPRTVAQAEALEEILEEYGKPIDYVINIEVDKDVLMERLTGRRICSVCGTTYHLVFNPPKTPGICDKDGGELYQRADDNEETVSKRLEVNMKQTQPLLDFYSEKGYLANVNGQQDIQDVYADVKDLLGGLKK,Understanding Thermal Adaptation of Enzymes through the Multistate Rational Design and Stability Prediction of 100 Adenylate Kinases S,"['L2I', 'Q15I', 'Y23F', 'A192F', 'V207L', 'L210I', 'G212R']","[2, 15, 23, 192, 207, 210, 212]",7
78,MNIVLMGLPGAGKGTIGERIVEDFGIPHISTGDMFRAAMKEETPLGLEAKSYIDKGELVPDEVTIGIVKERLGKDDCERGFLLDGFPRTVAQAEALEEILEEYGKPIDYVFNIEVDKDVLMERLTGRRICSVCGTTYHLVFNPPKTPGICDKDGGELYQRADDNEETVSKRLEVNMKQTQPLLDFYSEKGYLKNVNGQQDIQDVYADLKDFLRGLKK,66.13,MNLVLMGLPGAGKGTQGERIVEDYGIPHISTGDMFRAAMKEETPLGLEAKSYIDKGELVPDEVTIGIVKERLGKDDCERGFLLDGFPRTVAQAEALEEILEEYGKPIDYVINIEVDKDVLMERLTGRRICSVCGTTYHLVFNPPKTPGICDKDGGELYQRADDNEETVSKRLEVNMKQTQPLLDFYSEKGYLANVNGQQDIQDVYADVKDLLGGLKK,Understanding Thermal Adaptation of Enzymes through the Multistate Rational Design and Stability Prediction of 100 Adenylate Kinases S,"['L2I', 'Q15I', 'Y23F', 'I110F', 'A192K', 'V207L', 'L210F', 'G212R']","[2, 15, 23, 110, 192, 207, 210, 212]",8
79,MNIVLMGLPGAGKGTIGERIVEDFGIPHISTGDMFRAAMKEETPLGLEAKSYIDKGELVPDEVTIGIVKERLGKDDCERGFLLDGFPRTVAQAEALEEILEEYGKPIDYVINLEVDKDVLMERLTGRRICSVCGTTYHLVFNPPKTPGICDKDGGELYQRADDNEETVSKRLEVNMKQTQPLLDFYSEKGYLRNINGQQDIQDVYADLKDILRGLKK,67.83,MNLVLMGLPGAGKGTQGERIVEDYGIPHISTGDMFRAAMKEETPLGLEAKSYIDKGELVPDEVTIGIVKERLGKDDCERGFLLDGFPRTVAQAEALEEILEEYGKPIDYVINIEVDKDVLMERLTGRRICSVCGTTYHLVFNPPKTPGICDKDGGELYQRADDNEETVSKRLEVNMKQTQPLLDFYSEKGYLANVNGQQDIQDVYADVKDLLGGLKK,Understanding Thermal Adaptation of Enzymes through the Multistate Rational Design and Stability Prediction of 100 Adenylate Kinases S,"['L2I', 'Q15I', 'Y23F', 'I112L', 'A192R', 'V194I', 'V207L', 'L210I', 'G212R']","[2, 15, 23, 112, 192, 194, 207, 210, 212]",9
80,MNIVLMGLPGAGKGTIGERIVEDFGIPHISTGDMFRAAMKEETPLGLEAKSYIDKGELVPDEVTIGIVKERLGKDDCERGFLLDGFPRTVAQAEALEEILEEYGKPIDYVINLEVDKDVLMERLTGRRICSVCGTTYHLVFNPPKTPGICDKDGGELYQRADDNEETVSKRLEVNMKQTQPLLDFYSEKGYLKNINGQQDIQDVYADLKDILRGLKK,66.33,MNLVLMGLPGAGKGTQGERIVEDYGIPHISTGDMFRAAMKEETPLGLEAKSYIDKGELVPDEVTIGIVKERLGKDDCERGFLLDGFPRTVAQAEALEEILEEYGKPIDYVINIEVDKDVLMERLTGRRICSVCGTTYHLVFNPPKTPGICDKDGGELYQRADDNEETVSKRLEVNMKQTQPLLDFYSEKGYLANVNGQQDIQDVYADVKDLLGGLKK,Understanding Thermal Adaptation of Enzymes through the Multistate Rational Design and Stability Prediction of 100 Adenylate Kinases S,"['L2I', 'Q15I', 'Y23F', 'I112L', 'A192K', 'V194I', 'V207L', 'L210I', 'G212R']","[2, 15, 23, 112, 192, 194, 207, 210, 212]",9
81,MNIVLMGLPGAGKGTIGERIVEDFGIPHISTGDMFRAAMKEETPLGLEAKSYIDKGELVPDEVTIGIVKERLGKDDCERGFLLDGFPRTVAQAEALEEILEEYGKPIDYVFNLEVDKDVLMERLTGRRICSVCGTTYHLVFNPPKTPGICDKDGGELYQRADDNEETVSKRLEVNMKQTQPLLDFYSEKGYLRNVNGQQDIQDVYADLKDFLRGLKK,65.04,MNLVLMGLPGAGKGTQGERIVEDYGIPHISTGDMFRAAMKEETPLGLEAKSYIDKGELVPDEVTIGIVKERLGKDDCERGFLLDGFPRTVAQAEALEEILEEYGKPIDYVINIEVDKDVLMERLTGRRICSVCGTTYHLVFNPPKTPGICDKDGGELYQRADDNEETVSKRLEVNMKQTQPLLDFYSEKGYLANVNGQQDIQDVYADVKDLLGGLKK,Understanding Thermal Adaptation of Enzymes through the Multistate Rational Design and Stability Prediction of 100 Adenylate Kinases S,"['L2I', 'Q15I', 'Y23F', 'I110F', 'I112L', 'A192R', 'V207L', 'L210F', 'G212R']","[2, 15, 23, 110, 112, 192, 207, 210, 212]",9
82,MNIVLMGLPGAGKGTIGERIVEDFGIPHISTGDMFRAAMKEETPLGLEAKSYIDKGELVPDEVTIGIVKERLGKDDCERGFLLDGFPRTVAQAEALEEILEEYGKPIDYVVNLEVDKDVLMERLTGRRICSVCGTTYHLVFNPPKTPGICDKDGGELYQRADDNEETVSKRLEVNMKQTQPLLDFYSEKGYLFNVNGQQDIQDVYADLKDILRGLKK,63.56,MNLVLMGLPGAGKGTQGERIVEDYGIPHISTGDMFRAAMKEETPLGLEAKSYIDKGELVPDEVTIGIVKERLGKDDCERGFLLDGFPRTVAQAEALEEILEEYGKPIDYVINIEVDKDVLMERLTGRRICSVCGTTYHLVFNPPKTPGICDKDGGELYQRADDNEETVSKRLEVNMKQTQPLLDFYSEKGYLANVNGQQDIQDVYADVKDLLGGLKK,Understanding Thermal Adaptation of Enzymes through the Multistate Rational Design and Stability Prediction of 100 Adenylate Kinases S,"['L2I', 'Q15I', 'Y23F', 'I110V', 'I112L', 'A192F', 'V207L', 'L210I', 'G212R']","[2, 15, 23, 110, 112, 192, 207, 210, 212]",9
83,MNLVLMGLPGAGKGTIGERIVEDFGIPHISTGDMFRAAMKEETPLGLEAKSYIDKGELVPDEVTIGIVKERLGKDDCERGFLLDGFPRTVAQAEALEEILEEYGKPIDYVINIEVDKDVLMERLTGRRICSVCGTTYHLVFNPPKTPGICDKDGGELYQRADDNEETVSKRLEVNMKQTQPLLDFYSEKGYLFNVNGQQDIQDVYADLKDILRGLKK,67.01,MNLVLMGLPGAGKGTQGERIVEDYGIPHISTGDMFRAAMKEETPLGLEAKSYIDKGELVPDEVTIGIVKERLGKDDCERGFLLDGFPRTVAQAEALEEILEEYGKPIDYVINIEVDKDVLMERLTGRRICSVCGTTYHLVFNPPKTPGICDKDGGELYQRADDNEETVSKRLEVNMKQTQPLLDFYSEKGYLANVNGQQDIQDVYADVKDLLGGLKK,Understanding Thermal Adaptation of Enzymes through the Multistate Rational Design and Stability Prediction of 100 Adenylate Kinases S,"['Q15I', 'Y23F', 'A192F', 'V207L', 'L210I', 'G212R']","[15, 23, 192, 207, 210, 212]",6
84,MNIVLMGLPGAGKGTIGERIVEDFGIPHISTGDMFRAAMKEETPLGLEAKSYIDKGELVPDEVTIGIVKERLGKDDCERGFLLDGFPRTVAQAEALEEILEEYGKPIDYVVNLEVDKDVLMERLTGRRICSVCGTTYHLVFNPPKTPGICDKDGGELYQRADDNEETVSKRLEVNMKQTQPLLDFYSEKGYLRNINGQQDIQDVYADLKDILRGLKK,60.88,MNLVLMGLPGAGKGTQGERIVEDYGIPHISTGDMFRAAMKEETPLGLEAKSYIDKGELVPDEVTIGIVKERLGKDDCERGFLLDGFPRTVAQAEALEEILEEYGKPIDYVINIEVDKDVLMERLTGRRICSVCGTTYHLVFNPPKTPGICDKDGGELYQRADDNEETVSKRLEVNMKQTQPLLDFYSEKGYLANVNGQQDIQDVYADVKDLLGGLKK,Understanding Thermal Adaptation of Enzymes through the Multistate Rational Design and Stability Prediction of 100 Adenylate Kinases S,"['L2I', 'Q15I', 'Y23F', 'I110V', 'I112L', 'A192R', 'V194I', 'V207L', 'L210I', 'G212R']","[2, 15, 23, 110, 112, 192, 194, 207, 210, 212]",10
85,MNIVLMGLPGAGKGTIGERIVEDFGIPHISTGDMFRAAMKEETPLGLEAKSYIDKGELVPDEVTIGIVKERLGKDDCERGFLLDGFPRTVAQAEALEEILEEYGKPIDYVINIEVDKDVLMERLTGRRICSVCGTTYHLVFNPPKTPGICDKDGGELYQRADDNEETVSKRLEVNMKQTQPLLDFYSEKGYLFNVNGQKDIQDVYADLKDILRGLKK,66.77,MNLVLMGLPGAGKGTQGERIVEDYGIPHISTGDMFRAAMKEETPLGLEAKSYIDKGELVPDEVTIGIVKERLGKDDCERGFLLDGFPRTVAQAEALEEILEEYGKPIDYVINIEVDKDVLMERLTGRRICSVCGTTYHLVFNPPKTPGICDKDGGELYQRADDNEETVSKRLEVNMKQTQPLLDFYSEKGYLANVNGQQDIQDVYADVKDLLGGLKK,Understanding Thermal Adaptation of Enzymes through the Multistate Rational Design and Stability Prediction of 100 Adenylate Kinases S,"['L2I', 'Q15I', 'Y23F', 'A192F', 'Q198K', 'V207L', 'L210I', 'G212R']","[2, 15, 23, 192, 198, 207, 210, 212]",8
86,MNIVLMGLPGAGKGTIGERIVEDFGIPHISTGDMFRAAMKEETPLGLEAKSYIDKGELVPDEVTIGIVKERLGKDDCERGFLLDGFPRTVAQAEALEEILEEYGKPIDYVINLEVDKDVLMERLTGRRICSVCGTTYHLVFNPPKTPGICDKDGGELYQRADDNEETVSKRLEVNMKQTQPLLDFYSEKGYLRNINGQKDIQDVYADLKDILRGLKK,67.02,MNLVLMGLPGAGKGTQGERIVEDYGIPHISTGDMFRAAMKEETPLGLEAKSYIDKGELVPDEVTIGIVKERLGKDDCERGFLLDGFPRTVAQAEALEEILEEYGKPIDYVINIEVDKDVLMERLTGRRICSVCGTTYHLVFNPPKTPGICDKDGGELYQRADDNEETVSKRLEVNMKQTQPLLDFYSEKGYLANVNGQQDIQDVYADVKDLLGGLKK,Understanding Thermal Adaptation of Enzymes through the Multistate Rational Design and Stability Prediction of 100 Adenylate Kinases S,"['L2I', 'Q15I', 'Y23F', 'I112L', 'A192R', 'V194I', 'Q198K', 'V207L', 'L210I', 'G212R']","[2, 15, 23, 112, 192, 194, 198, 207, 210, 212]",10
87,MNIVLMGLPGAGKGTIGERLVEDKGFPHISTGDMFRAAMKEETPLGLEAKSYIDKGELVPDEVTIGIVKERLGKDDCERGFLLDGFPRTVAQAEALEEILEEYGKPIDYVINIEVDKDVLMERLTGRRICSVCGTTYHLVFNPPKTPGICDKDGGELYQRADDNEETVSKRLEVNMKQIQPLLDFYSEKGYLFNVNGQQDIQDVYADLKDILRGLKK,52.54,MNLVLMGLPGAGKGTQGERIVEDYGIPHISTGDMFRAAMKEETPLGLEAKSYIDKGELVPDEVTIGIVKERLGKDDCERGFLLDGFPRTVAQAEALEEILEEYGKPIDYVINIEVDKDVLMERLTGRRICSVCGTTYHLVFNPPKTPGICDKDGGELYQRADDNEETVSKRLEVNMKQTQPLLDFYSEKGYLANVNGQQDIQDVYADVKDLLGGLKK,Understanding Thermal Adaptation of Enzymes through the Multistate Rational Design and Stability Prediction of 100 Adenylate Kinases S,"['L2I', 'Q15I', 'I19L', 'Y23K', 'I25F', 'T178I', 'A192F', 'V207L', 'L210I', 'G212R']","[2, 15, 19, 23, 25, 178, 192, 207, 210, 212]",10
88,MNIVLMGLPGAGKGTIGERLVEDKGFPHISTGDMFRAAMKEETPLGLEAKSYIDKGELVPDEVTIGIVKERLGKDDCERGFLLDGFPRTVAQAEALEEILEEYGKPIDYVFNIEVDKDVLMERLTGRRICSVCGTTYHLVFNPPKTPGICDKDGGELYQRADDNEETVSKRLEVNMKQIQPLLDFYSEKGYLKNINGQQDIQDVYADLKDFLRGLKK,51.45,MNLVLMGLPGAGKGTQGERIVEDYGIPHISTGDMFRAAMKEETPLGLEAKSYIDKGELVPDEVTIGIVKERLGKDDCERGFLLDGFPRTVAQAEALEEILEEYGKPIDYVINIEVDKDVLMERLTGRRICSVCGTTYHLVFNPPKTPGICDKDGGELYQRADDNEETVSKRLEVNMKQTQPLLDFYSEKGYLANVNGQQDIQDVYADVKDLLGGLKK,Understanding Thermal Adaptation of Enzymes through the Multistate Rational Design and Stability Prediction of 100 Adenylate Kinases S,"['L2I', 'Q15I', 'I19L', 'Y23K', 'I25F', 'I110F', 'T178I', 'A192K', 'V194I', 'V207L', 'L210F', 'G212R']","[2, 15, 19, 23, 25, 110, 178, 192, 194, 207, 210, 212]",12
89,MNIVLMGLPGAGKGTIGERLVEDKGFPHISTGDMFRAAMKEETPLGLEAKSYIDKGELVPDEVTIGIVKERLGKDDCERGFLLDGFPRTVAQAEALEEILEEYGKPIDYVFNIEVDKDVLMERLTGRRICSVCGTTYHLVFNPPKTPGICDKDGGELYQRADDNEETVSKRLEVNMKQIQPLLDFYSEKGYLRNINGQQDIQDVYADLKDFLRGLKK,53.16,MNLVLMGLPGAGKGTQGERIVEDYGIPHISTGDMFRAAMKEETPLGLEAKSYIDKGELVPDEVTIGIVKERLGKDDCERGFLLDGFPRTVAQAEALEEILEEYGKPIDYVINIEVDKDVLMERLTGRRICSVCGTTYHLVFNPPKTPGICDKDGGELYQRADDNEETVSKRLEVNMKQTQPLLDFYSEKGYLANVNGQQDIQDVYADVKDLLGGLKK,Understanding Thermal Adaptation of Enzymes through the Multistate Rational Design and Stability Prediction of 100 Adenylate Kinases S,"['L2I', 'Q15I', 'I19L', 'Y23K', 'I25F', 'I110F', 'T178I', 'A192R', 'V194I', 'V207L', 'L210F', 'G212R']","[2, 15, 19, 23, 25, 110, 178, 192, 194, 207, 210, 212]",12
90,MNIVLMGLPGAGKGTQGERLVEDKGFPHISTGDMFRAAMKEETPLGLEAKSYIDKGELVPDEVTIGIVKERLGKDDCERGFLLDGFPRTVAQAEALEEILEEYGKPIDYVINLEVDKDVLMERLTGRRICSVCGTTYHLVFNPPKTPGICDKDGGELYQRADDNEETVSKRLEVNMKQIQPLLDFYSEKGYLRNINGQQDIQDVYADLKDILRGLKK,53.17,MNLVLMGLPGAGKGTQGERIVEDYGIPHISTGDMFRAAMKEETPLGLEAKSYIDKGELVPDEVTIGIVKERLGKDDCERGFLLDGFPRTVAQAEALEEILEEYGKPIDYVINIEVDKDVLMERLTGRRICSVCGTTYHLVFNPPKTPGICDKDGGELYQRADDNEETVSKRLEVNMKQTQPLLDFYSEKGYLANVNGQQDIQDVYADVKDLLGGLKK,Understanding Thermal Adaptation of Enzymes through the Multistate Rational Design and Stability Prediction of 100 Adenylate Kinases S,"['L2I', 'I19L', 'Y23K', 'I25F', 'I112L', 'T178I', 'A192R', 'V194I', 'V207L', 'L210I', 'G212R']","[2, 19, 23, 25, 112, 178, 192, 194, 207, 210, 212]",11
91,MNIVLMGLPGAGKGTIGERLVEDKGFPHISTGDMFRAAMKEETPLGLEAKSYIDKGELVPDEVTIGIVKERLGKDDCERGFLLDGFPRTVAQAEALEEILEEYGKPIDYVINIEVDKDVLMERLTGRRICSVCGTTYHLVFNPPKTPGICDKDGGELYQRADDNEETVSKRLEVNMKQIQPLLDFYSEKGYLRNINGQQDIQDVYADLKDILRGLKK,54.36,MNLVLMGLPGAGKGTQGERIVEDYGIPHISTGDMFRAAMKEETPLGLEAKSYIDKGELVPDEVTIGIVKERLGKDDCERGFLLDGFPRTVAQAEALEEILEEYGKPIDYVINIEVDKDVLMERLTGRRICSVCGTTYHLVFNPPKTPGICDKDGGELYQRADDNEETVSKRLEVNMKQTQPLLDFYSEKGYLANVNGQQDIQDVYADVKDLLGGLKK,Understanding Thermal Adaptation of Enzymes through the Multistate Rational Design and Stability Prediction of 100 Adenylate Kinases S,"['L2I', 'Q15I', 'I19L', 'Y23K', 'I25F', 'T178I', 'A192R', 'V194I', 'V207L', 'L210I', 'G212R']","[2, 15, 19, 23, 25, 178, 192, 194, 207, 210, 212]",11
92,MNIVLMGLPGAGKGTQGERLVEDRGFPHISTGDMFRAAMKEETPLGLEAKSYIDKGELVPDEVTIGIVKERLGKDDCERGFLLDGFPRTVAQAEALEEILEEYGKPIDYVINLEVDKDVLMERLTGRRICSVCGTTYHLVFNPPKTPGICDKDGGELYQRADDNEETVSKRLEVNMKQIQPLLDFYSEKGYLFNINGQQDIQDVYADLKDILRGLKK,53.26,MNLVLMGLPGAGKGTQGERIVEDYGIPHISTGDMFRAAMKEETPLGLEAKSYIDKGELVPDEVTIGIVKERLGKDDCERGFLLDGFPRTVAQAEALEEILEEYGKPIDYVINIEVDKDVLMERLTGRRICSVCGTTYHLVFNPPKTPGICDKDGGELYQRADDNEETVSKRLEVNMKQTQPLLDFYSEKGYLANVNGQQDIQDVYADVKDLLGGLKK,Understanding Thermal Adaptation of Enzymes through the Multistate Rational Design and Stability Prediction of 100 Adenylate Kinases S,"['L2I', 'I19L', 'Y23R', 'I25F', 'I112L', 'T178I', 'A192F', 'V194I', 'V207L', 'L210I', 'G212R']","[2, 19, 23, 25, 112, 178, 192, 194, 207, 210, 212]",11
93,MNIVLMGLPGAGKGTQGERFVEDWGFPHISTGDMFRAAMKEETPLGLEAKSYIDKGELVPDEVTIGIVKERLGKDDCERGFLLDGFPRTVAQAEALEEILEEYGKPIDYVINIEVDKDVLMERLTGRRICSVCGTTYHLVFNPPKTPGICDKDGGELYQRADDNEETVSKRLEVNMKQIQPLLDFYSEKGYLRNINGQQDIQDVYADAKDIFRGLKK,53.82,MNLVLMGLPGAGKGTQGERIVEDYGIPHISTGDMFRAAMKEETPLGLEAKSYIDKGELVPDEVTIGIVKERLGKDDCERGFLLDGFPRTVAQAEALEEILEEYGKPIDYVINIEVDKDVLMERLTGRRICSVCGTTYHLVFNPPKTPGICDKDGGELYQRADDNEETVSKRLEVNMKQTQPLLDFYSEKGYLANVNGQQDIQDVYADVKDLLGGLKK,Understanding Thermal Adaptation of Enzymes through the Multistate Rational Design and Stability Prediction of 100 Adenylate Kinases S,"['L2I', 'I19F', 'Y23W', 'I25F', 'T178I', 'A192R', 'V194I', 'V207A', 'L210I', 'L211F', 'G212R']","[2, 19, 23, 25, 178, 192, 194, 207, 210, 211, 212]",11
94,MNIVLMGLPGAGKGTQGERLVEDWGFPHISTGDMFRAAMKEETPLGLEAKSYIDKGELVPDEVTIGIVKERLGKDDCERGFLLDGFPRTVAQAEALEEILEEYGKPIDYVINIEVDKDVLMERLTGRRICSVCGTTYHLVFNPPKTPGICDKDGGELYQRADDNEETVSKRLEVNMKQIQPLLDFYSEKGYLRNINGQQDIQDVYADLKDILRGLKK,60.94,MNLVLMGLPGAGKGTQGERIVEDYGIPHISTGDMFRAAMKEETPLGLEAKSYIDKGELVPDEVTIGIVKERLGKDDCERGFLLDGFPRTVAQAEALEEILEEYGKPIDYVINIEVDKDVLMERLTGRRICSVCGTTYHLVFNPPKTPGICDKDGGELYQRADDNEETVSKRLEVNMKQTQPLLDFYSEKGYLANVNGQQDIQDVYADVKDLLGGLKK,Understanding Thermal Adaptation of Enzymes through the Multistate Rational Design and Stability Prediction of 100 Adenylate Kinases S,"['L2I', 'I19L', 'Y23W', 'I25F', 'T178I', 'A192R', 'V194I', 'V207L', 'L210I', 'G212R']","[2, 19, 23, 25, 178, 192, 194, 207, 210, 212]",10
95,MNIVLMGLPGAGKGTQGERLVEDKGFPHISTGDMFRAAMKEETPLGLEAKSYIDKGELVPDEVTIGIVKERLGKDDCERGFLLDGFPRTVAQAEALEEILEEYGKPIDYVINLEVDKDVLMERLTGRRICSVCGTTYHLVFNPPKTPGICDKDGGELYQRADDNEETVSKRLEVNMKQIQPLLDFYSEKGYLRNINGQQDIQDVYADLKDILKGLKK,52.45,MNLVLMGLPGAGKGTQGERIVEDYGIPHISTGDMFRAAMKEETPLGLEAKSYIDKGELVPDEVTIGIVKERLGKDDCERGFLLDGFPRTVAQAEALEEILEEYGKPIDYVINIEVDKDVLMERLTGRRICSVCGTTYHLVFNPPKTPGICDKDGGELYQRADDNEETVSKRLEVNMKQTQPLLDFYSEKGYLANVNGQQDIQDVYADVKDLLGGLKK,Understanding Thermal Adaptation of Enzymes through the Multistate Rational Design and Stability Prediction of 100 Adenylate Kinases S,"['L2I', 'I19L', 'Y23K', 'I25F', 'I112L', 'T178I', 'A192R', 'V194I', 'V207L', 'L210I', 'G212K']","[2, 19, 23, 25, 112, 178, 192, 194, 207, 210, 212]",11
96,MNIVLMGLPGAGKGTIGERLVEDRGFPHISTGDMFRAAMKEETPLGLEAKSYIDKGELVPDEVTIGIVKERLGKDDCERGFLLDGFPRTVAQAEALEEILEEYGKPIDYVINIEVDKDVLMERLTGRRICSVCGTTYHLVFNPPKTPGICDKDGGELYQRADDNEETVSKRLEVNMKQIQPLLDFYSEKGYLFNVNGQQDIQDVYADLKDILRGLKK,55.27,MNLVLMGLPGAGKGTQGERIVEDYGIPHISTGDMFRAAMKEETPLGLEAKSYIDKGELVPDEVTIGIVKERLGKDDCERGFLLDGFPRTVAQAEALEEILEEYGKPIDYVINIEVDKDVLMERLTGRRICSVCGTTYHLVFNPPKTPGICDKDGGELYQRADDNEETVSKRLEVNMKQTQPLLDFYSEKGYLANVNGQQDIQDVYADVKDLLGGLKK,Understanding Thermal Adaptation of Enzymes through the Multistate Rational Design and Stability Prediction of 100 Adenylate Kinases S,"['L2I', 'Q15I', 'I19L', 'Y23R', 'I25F', 'T178I', 'A192F', 'V207L', 'L210I', 'G212R']","[2, 15, 19, 23, 25, 178, 192, 207, 210, 212]",10
97,MNIVLMGLPGAGKGTQGERLVEDKGFPHISTGDMFRAAMKEETPLGLEAKSYIDKGELVPDEVTIGIVKERLGKDDCERGFLLDGFPRTVAQAEALEEILEEYGKPIDYVFNIEVDKDVLMERLTGRRICSVCGTTYHLVFNPPKTPGICDKDGGELYQRADDNEETVSKRLEVNMKQIQPLLDFYSEKGYLRNINGQQDIQDVYADLKDFLRGLKK,52.98,MNLVLMGLPGAGKGTQGERIVEDYGIPHISTGDMFRAAMKEETPLGLEAKSYIDKGELVPDEVTIGIVKERLGKDDCERGFLLDGFPRTVAQAEALEEILEEYGKPIDYVINIEVDKDVLMERLTGRRICSVCGTTYHLVFNPPKTPGICDKDGGELYQRADDNEETVSKRLEVNMKQTQPLLDFYSEKGYLANVNGQQDIQDVYADVKDLLGGLKK,Understanding Thermal Adaptation of Enzymes through the Multistate Rational Design and Stability Prediction of 100 Adenylate Kinases S,"['L2I', 'I19L', 'Y23K', 'I25F', 'I110F', 'T178I', 'A192R', 'V194I', 'V207L', 'L210F', 'G212R']","[2, 19, 23, 25, 110, 178, 192, 194, 207, 210, 212]",11
98,MNIVLMGLPGAGKGTQGERLVEDWGFPHISTGDMFRAAMKEETPLGLEAKSYIDKGELVPDEVTIGIVKERLGKDDCERGFLLDGFPRTVAQAEALEEILEEYGKPIDYVFNIEVDKDVLMERLTGRRICSVCGTTYHLVFNPPKTPGICDKDGGELYQRADDNEETVSKRLEVNMKQIQPLLDFYSEKGYLININGQQDIQDVYADLKDFLRGLKK,61.33,MNLVLMGLPGAGKGTQGERIVEDYGIPHISTGDMFRAAMKEETPLGLEAKSYIDKGELVPDEVTIGIVKERLGKDDCERGFLLDGFPRTVAQAEALEEILEEYGKPIDYVINIEVDKDVLMERLTGRRICSVCGTTYHLVFNPPKTPGICDKDGGELYQRADDNEETVSKRLEVNMKQTQPLLDFYSEKGYLANVNGQQDIQDVYADVKDLLGGLKK,Understanding Thermal Adaptation of Enzymes through the Multistate Rational Design and Stability Prediction of 100 Adenylate Kinases S,"['L2I', 'I19L', 'Y23W', 'I25F', 'I110F', 'T178I', 'A192I', 'V194I', 'V207L', 'L210F', 'G212R']","[2, 19, 23, 25, 110, 178, 192, 194, 207, 210, 212]",11
99,MNIVLMGLPGAGKGTQGERLVEDKGFPHISTGDMFRAAMKEETPLGLEAKSYIDKGELVPDEVTIGIVKERLGKDDCERGFLLDGFPRTVAQAEALEEILEEYGKPIDYVFNIEVDKDVLMERLTGRRICSVCGTTYHLVFNPPKTPGICDKDGGELYQRADDNEETVSKRLEVNMKQIQPLLDFYSEKGYLKNINGQQDIQDVYADLKDFLRGLKK,51.95,MNLVLMGLPGAGKGTQGERIVEDYGIPHISTGDMFRAAMKEETPLGLEAKSYIDKGELVPDEVTIGIVKERLGKDDCERGFLLDGFPRTVAQAEALEEILEEYGKPIDYVINIEVDKDVLMERLTGRRICSVCGTTYHLVFNPPKTPGICDKDGGELYQRADDNEETVSKRLEVNMKQTQPLLDFYSEKGYLANVNGQQDIQDVYADVKDLLGGLKK,Understanding Thermal Adaptation of Enzymes through the Multistate Rational Design and Stability Prediction of 100 Adenylate Kinases S,"['L2I', 'I19L', 'Y23K', 'I25F', 'I110F', 'T178I', 'A192K', 'V194I', 'V207L', 'L210F', 'G212R']","[2, 19, 23, 25, 110, 178, 192, 194, 207, 210, 212]",11
100,MNIVLMGLPGAGKGTQGERLVEDWGFPHISTGDMFRAAMKEETPLGLEAKSYIDKGELVPDEVTIGIVKERLGKDDCERGFLLDGFPRTVAQAEALEEILEEYGKPIDYVINIEVDKDVLMERLTGRRICSVCGTTYHLVFNPPKTPGICDKDGGELYQRADDNEETVSKRLEVNMKQIQPLLDFYSEKGYLRNINGQQDIQDVYADLKDILRGLKK,60.95,MNLVLMGLPGAGKGTQGERIVEDYGIPHISTGDMFRAAMKEETPLGLEAKSYIDKGELVPDEVTIGIVKERLGKDDCERGFLLDGFPRTVAQAEALEEILEEYGKPIDYVINIEVDKDVLMERLTGRRICSVCGTTYHLVFNPPKTPGICDKDGGELYQRADDNEETVSKRLEVNMKQTQPLLDFYSEKGYLANVNGQQDIQDVYADVKDLLGGLKK,Understanding Thermal Adaptation of Enzymes through the Multistate Rational Design and Stability Prediction of 100 Adenylate Kinases S,"['L2I', 'I19L', 'Y23W', 'I25F', 'T178I', 'A192R', 'V194I', 'V207L', 'L210I', 'G212R']","[2, 19, 23, 25, 178, 192, 194, 207, 210, 212]",10
101,MNIVLMGLPGAGKGTQGERLVEDKGFPHISTGDMFRAAMKEETPLGLEAKSYIDKGELVPDEVTIGIVKERLGKDDCERGFLLDGFPRTVAQAEALEEILEEYGKPIDYVFNIEVDKDVLMERLTGRRICSVCGTTYHLVFNPPKTPGICDKDGGELYQRADDNEETVSKRLEVNMKQIQPLLDFYSEKGYLKNINGQQDIQDVYADLKDFLKGLKK,52.51,MNLVLMGLPGAGKGTQGERIVEDYGIPHISTGDMFRAAMKEETPLGLEAKSYIDKGELVPDEVTIGIVKERLGKDDCERGFLLDGFPRTVAQAEALEEILEEYGKPIDYVINIEVDKDVLMERLTGRRICSVCGTTYHLVFNPPKTPGICDKDGGELYQRADDNEETVSKRLEVNMKQTQPLLDFYSEKGYLANVNGQQDIQDVYADVKDLLGGLKK,Understanding Thermal Adaptation of Enzymes through the Multistate Rational Design and Stability Prediction of 100 Adenylate Kinases S,"['L2I', 'I19L', 'Y23K', 'I25F', 'I110F', 'T178I', 'A192K', 'V194I', 'V207L', 'L210F', 'G212K']","[2, 19, 23, 25, 110, 178, 192, 194, 207, 210, 212]",11
102,MNIVLMGLPGAGKGTQGERLVEDWGFPHISTGDMFRAAMKEETPLGLEAKSYIDKGELVPDEVTIGIVKERLGKDDCERGFLLDGFPRTVAQAEALEEILEEYGKPIDYVINIEVDKDVLMERLTGRRICSVCGTTYHLVFNPPKTPGICDKDGGELYQRADDNEETVSKRLEVNMKQIQPLLDFYSEKGYLFNVNGQQDIQDVYADLKDILRGLKK,60.96,MNLVLMGLPGAGKGTQGERIVEDYGIPHISTGDMFRAAMKEETPLGLEAKSYIDKGELVPDEVTIGIVKERLGKDDCERGFLLDGFPRTVAQAEALEEILEEYGKPIDYVINIEVDKDVLMERLTGRRICSVCGTTYHLVFNPPKTPGICDKDGGELYQRADDNEETVSKRLEVNMKQTQPLLDFYSEKGYLANVNGQQDIQDVYADVKDLLGGLKK,Understanding Thermal Adaptation of Enzymes through the Multistate Rational Design and Stability Prediction of 100 Adenylate Kinases S,"['L2I', 'I19L', 'Y23W', 'I25F', 'T178I', 'A192F', 'V207L', 'L210I', 'G212R']","[2, 19, 23, 25, 178, 192, 207, 210, 212]",9
103,MNIVLMGLPGAGKGTQGERLVEDRGFPHISTGDMFRAAMKEETPLGLEAKSYIDKGELVPDEVTIGIVKERLGKDDCERGFLLDGFPRTVAQAEALEEILEEYGKPIDYVFNIEVDKDVLMERLTGRRICSVCGTTYHLVFNPPKTPGICDKDGGELYQRADDNEETVSKRLEVNMKQIQPLLDFYSEKGYLRNINGQQDIQDVYADLKDFLRGLKK,53.91,MNLVLMGLPGAGKGTQGERIVEDYGIPHISTGDMFRAAMKEETPLGLEAKSYIDKGELVPDEVTIGIVKERLGKDDCERGFLLDGFPRTVAQAEALEEILEEYGKPIDYVINIEVDKDVLMERLTGRRICSVCGTTYHLVFNPPKTPGICDKDGGELYQRADDNEETVSKRLEVNMKQTQPLLDFYSEKGYLANVNGQQDIQDVYADVKDLLGGLKK,Understanding Thermal Adaptation of Enzymes through the Multistate Rational Design and Stability Prediction of 100 Adenylate Kinases S,"['L2I', 'I19L', 'Y23R', 'I25F', 'I110F', 'T178I', 'A192R', 'V194I', 'V207L', 'L210F', 'G212R']","[2, 19, 23, 25, 110, 178, 192, 194, 207, 210, 212]",11
104,MNIVLMGLPGAGKGTQGERLVEDWGFPHISTGDMFRAAMKEETPLGLEAKSYIDKGELVPDEVTIGIVKERLGKDDCERGFLLDGFPRTVAQAEALEEILEEYGKPIDYVINIEVDKDVLMERLTGRRICSVCGTTYHLVFNPPKTPGICDKDGGELYQRADDNEETVSKRLEVNMKQIQPLLDFYSEKGYLKNINGQQDIQDVYADLKDILRGLKK,60.96,MNLVLMGLPGAGKGTQGERIVEDYGIPHISTGDMFRAAMKEETPLGLEAKSYIDKGELVPDEVTIGIVKERLGKDDCERGFLLDGFPRTVAQAEALEEILEEYGKPIDYVINIEVDKDVLMERLTGRRICSVCGTTYHLVFNPPKTPGICDKDGGELYQRADDNEETVSKRLEVNMKQTQPLLDFYSEKGYLANVNGQQDIQDVYADVKDLLGGLKK,Understanding Thermal Adaptation of Enzymes through the Multistate Rational Design and Stability Prediction of 100 Adenylate Kinases S,"['L2I', 'I19L', 'Y23W', 'I25F', 'T178I', 'A192K', 'V194I', 'V207L', 'L210I', 'G212R']","[2, 19, 23, 25, 178, 192, 194, 207, 210, 212]",10
105,MNIVLMGLPGAGKGTQGERLVEDWGFPHISTGDMFRAAMKEETPLGLEAKSYIDKGELVPDEVTIGIVKERLGKDDCERGFLLDGFPRTVAQAEALEEILEEYGKPIDYVINIEVDKDVLMERLTGRRICSVCGTTYHLVFNPPKTPGICDKDGGELYQRADDNEETVSKRLEVNMKQIQPLLDFYSEKGYLRNINGQKDIQDVYADLKDILRGLKK,60.82,MNLVLMGLPGAGKGTQGERIVEDYGIPHISTGDMFRAAMKEETPLGLEAKSYIDKGELVPDEVTIGIVKERLGKDDCERGFLLDGFPRTVAQAEALEEILEEYGKPIDYVINIEVDKDVLMERLTGRRICSVCGTTYHLVFNPPKTPGICDKDGGELYQRADDNEETVSKRLEVNMKQTQPLLDFYSEKGYLANVNGQQDIQDVYADVKDLLGGLKK,Understanding Thermal Adaptation of Enzymes through the Multistate Rational Design and Stability Prediction of 100 Adenylate Kinases S,"['L2I', 'I19L', 'Y23W', 'I25F', 'T178I', 'A192R', 'V194I', 'Q198K', 'V207L', 'L210I', 'G212R']","[2, 19, 23, 25, 178, 192, 194, 198, 207, 210, 212]",11
106,MNIVLMGLPGAGKGTQGERLVEDRGFPHISTGDMFRAAMKEETPLGLEAKSYIDKGELVPDEVTIGIVKERLGKDDCERGFLLDGFPRTVAQAEALEEILEEYGKPIDYVFNIEVDKDVLMERLTGRRICSVCGTTYHLVFNPPKTPGICDKDGGELYQRADDNEETVSKRLEVNMKQIQPLLDFYSEKGYLKNINGQQDIQDVYADLKDFLRGLKK,52.11,MNLVLMGLPGAGKGTQGERIVEDYGIPHISTGDMFRAAMKEETPLGLEAKSYIDKGELVPDEVTIGIVKERLGKDDCERGFLLDGFPRTVAQAEALEEILEEYGKPIDYVINIEVDKDVLMERLTGRRICSVCGTTYHLVFNPPKTPGICDKDGGELYQRADDNEETVSKRLEVNMKQTQPLLDFYSEKGYLANVNGQQDIQDVYADVKDLLGGLKK,Understanding Thermal Adaptation of Enzymes through the Multistate Rational Design and Stability Prediction of 100 Adenylate Kinases S,"['L2I', 'I19L', 'Y23R', 'I25F', 'I110F', 'T178I', 'A192K', 'V194I', 'V207L', 'L210F', 'G212R']","[2, 19, 23, 25, 110, 178, 192, 194, 207, 210, 212]",11
